niche_id,niche,tool,domain,niche_landing_url,facebook_page,linkedin_url,pricing_url,starting_price,pricing_model,founded,headcount,headcount_source_url,funding_status,funding_source_url,review_count,review_source_url,trustmrr_url,notes
27,Epoxy & garage floor coating contractors,QuoteIQ,myquoteiq.com,https://myquoteiq.com/industries/epoxy-flooring-software/,unverified,unverified,https://myquoteiq.com/epoxy-garage-floor-coating-companies-crm/,$29.99/mo (Essentials) to $699/mo (Max); 14-day free trial; no per-user fees,self-serve public price / free trial,unverified,unverified,unverified,"100% self-funded, no VC (vendor about page); Crunchbase profile cites a $20M valuation",https://myquoteiq.com/about-us/,unverified,unverified,unverified (host blocked),"Horizontal FSM with epoxy landing page. Co-founders Mike Vidan and Justin Rogers (YouTube creators); claims 40,000+ service businesses (https://myquoteiq.com/about-us/). Crunchbase: https://www.crunchbase.com/organization/quoteiq. Publishes many epoxy/garage-coating roundups that rank itself #1."
27,Epoxy & garage floor coating contractors,CoatingOS,coatingos.com,https://www.coatingos.com/software/epoxy-contractor-software,unverified,unverified,unverified,unverified,unverified,unverified,unverified,unverified,unverified,unverified,unverified,unverified,unverified (host blocked),"Vertical CRM for garage floor coating, epoxy and polyaspractic contractors (estimating, scheduling, invoicing). No public price in results; a Skool page mentions a '3 more jobs a month or you don't pay' guarantee (https://www.skool.com/coatings/about). Features page: https://www.coatingos.com/features. Founded/headcount not found (LinkedIn search returned unrelated coating companies)."
27,Epoxy & garage floor coating contractors,DripJobs,dripjobs.com,https://dripjobs.com/epoxy-business-crm,unverified,unverified,https://dripjobs.com/pricing,$97/mo (Pro); $147/mo (Advanced); no contracts,self-serve public price,unverified,unverified,unverified,founder-funded per about page (founder 'invested his savings to outsource the initial development'); no funding round in results,https://dripjobs.com/about,unverified,unverified,unverified (host blocked),"Painting/home-service CRM with dedicated epoxy & concrete coating landing. Founder/CEO Tanner Mullen (ex-$1.5M painting business), CTO Jason Warford. 'Trusted by 2,500+ contractors/pros' (https://dripjobs.com/epoxy-business-crm)."
27,Epoxy & garage floor coating contractors,Coating Pro Tech,coatingprotech.com,https://coatingprotech.com/,unverified,unverified,unverified,unverified,unverified,unverified,unverified,unverified,unverified,unverified,unverified,unverified,unverified (host blocked),"CRM, estimating, scheduling and invoicing built for coating and painting contractors (https://coatingprotech.com/). Pricing, founded year and headcount not found in results."
27,Epoxy & garage floor coating contractors,Builder Prime,builderprime.com,https://www.builderprime.com/industries/flooring,unverified,unverified,https://www.builderprime.com/pricing,$79/mo Startup; $159/mo Essentials; $239/mo Growth (billed annually); alt per-user model $300/mo platform + $60 core user + $10 field user,self-serve public price,2016,50 employees,https://softwarefinder.com/construction/builderprime,unverified,unverified,unverified,unverified,unverified (host blocked),"Home-improvement contractor CRM with a 'dedicated concrete coatings workflow' per https://servicebusinessacademy.org/best-software-epoxy-flooring-businesses-2026/ (which listed $79-$239+/mo). Founded 2016, Staten Island NY, 50 employees; attribution among softwarefinder/capterra result set uncertain."
27,Epoxy & garage floor coating contractors,Projul,projul.com,https://projul.com/industries/flooring-contractor/,unverified,unverified,unverified,unverified,unverified,unverified,unverified,unverified,unverified,unverified,unverified,unverified,unverified (host blocked),Flooring-contractor landing page only (not epoxy-specific). No pricing/founded/headcount in results.
27,Epoxy & garage floor coating contractors,floorWIZ,floor-wiz.com,https://floor-wiz.com/,unverified,unverified,unverified,unverified,unverified,unverified,unverified,unverified,unverified,unverified,unverified,unverified,unverified (host blocked),"Epoxy/concrete-coating floor visualizer (photo-to-render), not a CRM; complements the stack per https://flooringzap.com/blog/the-best-software-for-epoxy-contractors-2025-guide/."
60,Document shredding services,EZshred,ezshred.com,https://ezshred.com/shredding-software/,unverified,https://www.linkedin.com/company/ez-shredding-solutions,unverified,unverified,contact-sales,2002,6-10 employees (ZoomInfo); other databases 11-100,https://www.zoominfo.com/c/ezshred-llc/343462932,unverified,unverified,unverified,unverified,unverified (host blocked),"Vertical: scheduling, routing, invoicing, Route Tracker mobile app with barcode scan and signature capture (https://ezshred.com/route-tracker/). Chesterland, Ohio. 'Helps hundreds of companies' (vendor claim)."
60,Document shredding services,Q-Shred (ShredMetrics),shredmetrics.com,https://shredmetrics.com/q-shred-software/,unverified,unverified,https://shredmetrics.com/faqs/,quote-based (custom add-ons priced on request),contact-sales,unverified,unverified,unverified,unverified,unverified,unverified,unverified,unverified (host blocked),"Vertical: estimating, routing, dispatch, work orders, certificates of destruction, billing, QBO integration. Won i-SIGMA Operations Impact Award 2023 and 2024 (https://shredmetrics.com/q-shred-software/). Crunchbase: https://www.crunchbase.com/organization/shredmetrics (no headcount shown)."
60,Document shredding services,Octopus SaaS,octopussaas.com,https://www.octopussaas.com/paper-shredding-software,https://www.facebook.com/p/Octopus-SaaS-61575436205571/,unverified,unverified,unverified,contact-sales,unverified,unverified,unverified,unverified,unverified,unverified,unverified,unverified (host blocked),"All-in-one for medical-waste transporters and shredding companies: route optimization, scheduling, compliance logs, billing, driver app (https://www.octopussaas.com/about-us). CEO/Owner Sammy Spaccamonti. G2 listing: https://www.g2.com/products/octopus-saas/reviews. Founded/headcount not in results."
60,Document shredding services,Total Recall (DHS Worldwide),dhsworldwide.com,https://www.dhsworldwide.com/shredding-management.html,unverified,https://www.linkedin.com/company/dhs-worldwide-software-solutions,unverified,unverified,contact-sales,1994,"~18 employees (LeadIQ, Aug 2026); another database says 100-250",https://leadiq.com/c/dhs-worldwide-software-solutions---total-recall-software/5a1da0aa2300005a0091bc3c,unverified,unverified,unverified,unverified,unverified (host blocked),"Records-management suite with shredding module: bin inventory tracking, scheduling, route optimization, driver GPS, card processing. 'Over 1,200 RIM operations' use Total Recall (https://www.dhsworldwide.com/). Headcount sources conflict."
60,Document shredding services,Smart Service,smartservice.com,https://www.smartservice.com/industry/document-destruction-software,unverified,unverified,https://www.selecthub.com/p/field-service-software/smart-service/,from $250/mo (third-party listing); custom pricing by concurrent users,contact-sales,unverified,unverified,unverified,unverified,unverified,unverified,unverified,unverified (host blocked),"Horizontal FSM (QuickBooks-centric) with a dedicated document-destruction landing page. Price via SelectHub/SaaSworthy (https://www.saasworthy.com/product/smart-service/pricing), not vendor page."
60,Document shredding services,Route Planner AI (CRM Route Planner),routeplannerai.io,https://routeplannerai.io/document-shredding-recycling-route-planner-crm/,unverified,unverified,unverified,unverified,unverified,unverified,unverified,unverified,unverified,unverified,unverified,unverified,unverified (host blocked),Route-planning CRM marketed to shredding/recycling businesses with recurring pickup routes. No pricing or company data in results.
68,Translation & interpreting agencies,Protemos,protemos.com,https://protemos.com/,unverified,https://www.linkedin.com/company/protemos,https://www.capterra.com/p/172883/Protemos/,EUR 68/user/mo (3-month plan); EUR 59/manager/mo (annual); free version; 1-month free trial,self-serve public price (third-party listing) / free trial,2014,unverified,unverified,unverified,unverified,unverified,unverified,unverified (host blocked),"Translation business management system for small/mid LSPs (clients, vendors, projects, finance). Kyiv, Ukraine; CEO Volodymyr Kukharenko (https://www.crunchbase.com/organization/protemos). Prices also quoted at https://chatscontrol.com/blog/translation-agency-project-management-plunet-xtrf-protemos."
68,Translation & interpreting agencies,Plunet BusinessManager,plunet.com,https://www.plunet.com/en/,unverified,unverified,unverified,"quote-based; comparison blog cites EUR 500-1,500/month",contact-sales,unverified,unverified,unverified,unverified,unverified,unverified,unverified,unverified (host blocked),Enterprise TBMS ('full ERP for the language industry'); implementation rather than signup (https://chatscontrol.com/blog/translation-agency-project-management-plunet-xtrf-protemos). G2 compare: https://www.g2.com/compare/plunet-vs-xtrf-translation-management-system.
68,Translation & interpreting agencies,XTRF,unverified,https://www.g2.com/compare/plunet-vs-xtrf-translation-management-system,unverified,unverified,unverified,"entry-level pricing $9,000 (comparison blogs)",contact-sales,unverified,unverified,unverified,unverified,unverified,unverified,unverified,unverified (host blocked),"Mid-market TBMS; $9,000 entry figure from https://chatscontrol.com/blog/translation-agency-project-management-plunet-xtrf-protemos and https://awtomated.com/awtomated-vs-plunet-vs-xtrf-which-translation-business-management-system-is-right-for-your-lsp/. Domain not shown in results."
68,Translation & interpreting agencies,Awtomated,awtomated.com,https://awtomated.com/awtomated-vs-protemos-an-honest-comparison-for-small-translation-businesses-in-2026/,unverified,unverified,unverified,unverified,unverified,unverified,unverified,unverified,unverified,unverified,unverified,unverified,unverified (host blocked),Positions itself for small LSPs vs Protemos/Plunet/XTRF (vendor comparison posts). Pricing/founded/headcount not in results.
68,Translation & interpreting agencies,Interpreter Intelligence,interpreterintelligence.com,https://www.interpreterintelligence.com/pricing/,unverified,https://www.linkedin.com/company/interpreter-intelligence,https://www.interpreterintelligence.com/pricing/,customizable; not public,contact-sales,unverified,15 employees,https://www.crunchbase.com/organization/interpreter-intelligence,acquired by Boostlingo on 2022-03-10,https://www.crunchbase.com/organization/interpreter-intelligence,unverified,unverified,unverified (host blocked),"Interpreter credentialing, scheduling, dispatching, compliance, rate plans (https://interpreterintelligence.zendesk.com/hc/en-us/articles/12922525547803-Rate-Plan-Interpreter). Ranked top in 2026 roundups (https://gitnux.org/best/interpreter-scheduling-software/). Headcount is the acquired unit; parent Boostlingo ~305 staff."
68,Translation & interpreting agencies,Boostlingo,boostlingo.com,https://boostlingo.com/solutions/interpretation-management-system/,unverified,unverified,https://boostlingo.com/resources/pricing/,monthly subscription + per-minute rates; amounts not public,contact-sales,unverified,~305 employees (2026),https://getlatka.com/companies/boostlingo,"$3.4M Series A (2018, Mainsail Partners); $37M ARR, $111M valuation per Latka",https://www.crunchbase.com/organization/boostlingo,unverified,unverified,unverified (host blocked),Interpreting platform (OPI/VRI/on-site scheduling); acquired Interpreter Intelligence and VoiceBoxer in 2022 (https://pitchbook.com/profiles/company/438964-93).
68,Translation & interpreting agencies,Anolla,anolla.com,https://anolla.com/en/interpreter-software,unverified,unverified,https://www.capterra.com/p/10031414/anolla/,EUR 11.99/user/mo (Plus); free version and free trial,self-serve public price (third-party listing) / free trial,unverified,unverified,unverified,unverified,unverified,unverified,unverified,unverified (host blocked),"Generic scheduling tool with an interpreter-agency landing page (dynamic pricing by language pair, automated client comms). Founded/headcount not in results."
68,Translation & interpreting agencies,BeLazy,belazy.cat,https://belazy.cat/pricing/,unverified,unverified,https://belazy.cat/pricing/,pricing page in results; amounts not shown,unverified,unverified,unverified,unverified,unverified,unverified,unverified,unverified,unverified (host blocked),Automation/connector layer between TMS/TBMS platforms for LSPs; only the pricing URL surfaced.
76,Small residential property managers,TurboTenant,turbotenant.com,https://www.turbotenant.com/property-management-software/best-property-management-software-for-small-landlords/,unverified,unverified,https://www.turbotenant.com/property-management-software/best-property-management-software-for-small-landlords/,"Essentials free (unlimited rentals); Manage $12/mo; Pro $28/mo (billed annually, flat per account)",self-serve public price,2015,90 employees,https://pitchbook.com/profiles/company/123927-04,"$67.2M raised (LLR Partners, Access Venture Partners, Crescendo); acquired TenantCloud 2026-08-18",https://pitchbook.com/profiles/company/123927-04,unverified,unverified,unverified (host blocked),"Free-tier landlord software (listings, applications, leases, rent collection)."
76,Small residential property managers,TenantCloud,tenantcloud.com,https://www.tenantcloud.com/review/appfolio-vs-buildium,unverified,https://www.linkedin.com/company/tenantcloud,https://www.tenantcloud.com/review/appfolio-vs-buildium,Starter $15/mo annual or $18/mo monthly (up to 10 leases),self-serve public price,2014,64 employees,https://www.crunchbase.com/organization/tenantcloud-2,$6.89M raised (alt $5.5M over 3 rounds); acquired by TurboTenant 2026-08-18,https://pitchbook.com/profiles/company/120115-18,unverified,unverified,unverified (host blocked),Knoxville TN; founder Joe Edgar. Now part of TurboTenant.
76,Small residential property managers,Buildium,buildium.com,https://www.buildium.com/blog/top-appfolio-alternatives/,unverified,unverified,https://renpro.com/property-management-software-pricing-comparison/,Essential $62/mo; Growth $192/mo; Premium $400/mo (third-party comparison; TurboTenant blog says $58/mo),self-serve public price (third-party listing),unverified,unverified,unverified,unverified,unverified,unverified,unverified,unverified (host blocked),Mid-market PM accounting platform. Prices from https://renpro.com/property-management-software-pricing-comparison/ and https://www.doorloop.com/blog/appfolio-vs-buildium. Ownership/headcount not in results.
76,Small residential property managers,DoorLoop,doorloop.com,https://www.doorloop.com/blog/small-landlord-property-management-software,unverified,unverified,https://www.doorloop.com/blog/appfolio-vs-buildium,$69/$119/$179 per mo promo for up to 20 units; standard $99/$189/$239 (annual),self-serve public price,2019,261 employees (2026-03-31),https://www.crunchbase.com/organization/doorloop,$130M raised over 3 rounds; $100M Series B Nov 2024 (JMI Equity); $20M Series A (ASG),https://www.calcalistech.com/ctechnews/article/b1sszfagkl,unverified,unverified,unverified (host blocked),"Miami + Israel; co-founders Ori Tamuz, David Bitton et al."
76,Small residential property managers,Rentec Direct,rentecdirect.com,https://www.rentecdirect.com/pricing,unverified,unverified,https://www.rentecdirect.com/pricing,Starter $25/mo (up to 10 properties); Pro and PM from $50/mo; no setup fees,self-serve public price,unverified,11-50 employees,https://aiforproptech.com/companies/rentec-direct/,bootstrapped: '100% self-funded and debt-free... never raised funding',https://aiforproptech.com/companies/rentec-direct/,unverified,unverified,unverified (host blocked),Popular with managers under 100 units (https://www.yardibreeze.com/blog/2026/03/best-property-management-software-50-units/).
76,Small residential property managers,Innago,innago.com,https://innago.com/pricing/,unverified,unverified,https://innago.com/pricing/,free (no license fees; tenant-paid fees),self-serve public price (free),2017,"37 employees (Tracxn, 2026-06-30); 2-10 per spotSaaS",https://tracxn.com/d/companies/innago/__ZQ9Z0QpYfFQsV2aOV9_zF4fCt_5wG1mgsiuaDCBSFxQ,"$7.7M over 3 rounds (Allison Wood Ventures, Dale Ventures, Jumpstart, Elmspring, Bizdom)",https://tracxn.com/d/companies/innago/__ZQ9Z0QpYfFQsV2aOV9_zF4fCt_5wG1mgsiuaDCBSFxQ,unverified,unverified,unverified (host blocked),"Ohio; co-founders Dave Spooner (CEO), Yasir Drabu (CTO) per https://www.spotsaas.com/product/innago."
76,Small residential property managers,AppFolio,appfolio.com,https://www.appfolio.com/blog/best-property-management-softwares-compared-2026,unverified,unverified,https://renpro.com/property-management-software-pricing-comparison/,"~$298/mo minimum, from $1.40/unit; went quote-only in 2026",contact-sales,unverified,unverified,unverified,unverified,unverified,unverified,unverified,unverified (host blocked),Larger-portfolio incumbent; required software for Real Property Management franchisees (https://fddexchange.com/fdd/real-property-management-2025/).
76,Small residential property managers,Yardi Breeze,yardibreeze.com,https://www.yardibreeze.com/blog/2026/03/best-property-management-software-50-units/,unverified,unverified,https://www.yardibreeze.com/blog/2026/03/best-property-management-software-50-units/,$1/unit/mo with $100/mo minimum (Premier $2/unit),self-serve public price,unverified,unverified,unverified,unverified,unverified,unverified,unverified,unverified (host blocked),Yardi's small-portfolio product; also marketed to self-storage (https://www.softwareadvice.com/property/self-storage-facilities-software-comparison/).
76,Small residential property managers,Shuk Rentals,shukrentals.com,https://www.shukrentals.com/learn/property-management-software-for-small-landlords,unverified,unverified,https://www.shukrentals.com/learn/property-management-software-for-small-landlords,"$5/unit/mo flat, no ACH fees",self-serve public price,unverified,unverified,unverified,unverified,unverified,unverified,unverified,unverified (host blocked),Targets independent landlords with 1-100 units. Company data not in results.
83,Auto body & collision repair shops,CCC ONE,cccis.com,https://www.cccis.com/collision-repairers,unverified,unverified,https://www.capterra.com/p/83656/CCC-ONE-Total-Repair-Platform/,from $399/mo (third-party listing); user review mentions a $600/mo add-on program,contact-sales (third-party price),unverified,unverified,unverified,unverified,unverified,unverified,unverified,unverified (host blocked),"Estimating + shop management + insurer DRP rail; '>80% market share', '30,500+ collision shops and 300+ insurers' (https://www.repairerdrivennews.com/2020/12/30/state-farm-to-require-drp-shops-to-use-ccc-by-april-1-2021/ and https://www.withorbital.com/data/software/ccc-one/). Public parent (CCC Intelligent Solutions) not evidenced in results."
83,Auto body & collision repair shops,Web-Est,web-est.com,https://www.web-est.com/,unverified,https://www.linkedin.com/company/web-est-llc/,https://www.web-est.com/pricing.html,$119/mo (vendor); third-party listings show $124 and $147/mo,self-serve public price,2008,11 employees,https://www.zoominfo.com/c/web-est-llc/346954695,acquired by Convenient Brands (Beekman Group portfolio) Jan 2024,https://www.businesswire.com/news/home/20240124898836/en/Beekman-Group-Portfolio-Company-Convenient-Brands-Acquires-Web-Est-a-Leading-Provider-of-Collision-Estimating-Software-to-Independent-Auto-Body-Shops,unverified,unverified,unverified (host blocked),Low-cost collision estimating for independent shops; Oldsmar FL; co-founder Eric Seidel.
83,Auto body & collision repair shops,ROME Technologies (The Rome Solution),rometech.com,https://www.rometech.com/,unverified,https://www.linkedin.com/company/rome-technologies-inc-,https://www.capterra.com/p/83660/Rome-Management-Software/,custom quote,contact-sales,1988,12 employees,https://www.crunchbase.com/organization/rome-technologies,"acquired by Convenient Brands; founder Scott Rome retired, James Rome promoted to President",https://www.collisionrepairmag.com/news/collision-repair/article/15726666/convenient-brands-acquires-rome-technologies-and-supports-management-succession-with-promotion-of-james-rome-to-president,unverified,unverified,unverified (host blocked),"Collision management software integrating Web-EST, CCC ONE, Audatex, Mitchell; Pasadena MD. Headcount attribution among crunchbase/pitchbook result set."
83,Auto body & collision repair shops,Bodyshop Booster,bodyshopbooster.com,https://www.bodyshopbooster.com/about,unverified,unverified,https://www.capterra.com/p/138072/Bodyshop-Booster/,tailored quote; no published tiers,contact-sales,2014,5 employees (2026-01-31),https://tracxn.com/d/companies/bodyshopbooster/__gvnMl6GYyNypRo0cfff7oPvqjP1ybeUJlZsNHi0a6Y4,unverified,https://www.crunchbase.com/organization/bodyshop-booster,unverified,unverified,unverified (host blocked),"Lead/customer-communication SaaS for collision and PDR shops; integrates CCC, Audatex, Mitchell, ProfitNet, nexsyis, Summit. Portland."
83,Auto body & collision repair shops,Shopmonkey,shopmonkey.io,https://www.shopmonkey.io/pricing,unverified,unverified,https://www.shopmonkey.io/pricing,Basic $199/mo; Clever $324/mo; Genius $475/mo; multi-shop custom (per https://softwareconnect.com/reviews/shopmonkey/),self-serve public price,unverified,unverified,unverified,unverified,unverified,unverified,unverified,unverified (host blocked),General auto-repair shop management; listed in auto-body roundups (https://gitnux.org/best/auto-body-shop-management-software/). No collision-specific landing found.
83,Auto body & collision repair shops,Shop-Ware,unverified,https://gitnux.org/best/auto-body-shop-management-software/,unverified,unverified,unverified,unverified,unverified,unverified,unverified,unverified,unverified,unverified,unverified,unverified,unverified (host blocked),"Named in 2026 auto-body roundups as cloud shop management for collision; domain, pricing and company data not in results."
83,Auto body & collision repair shops,Tekmetric,unverified,https://gitnux.org/best/auto-body-shop-management-software/,unverified,unverified,unverified,unverified,unverified,unverified,unverified,unverified,unverified,unverified,unverified,unverified,unverified (host blocked),Named in roundups (job-centric workflow around estimates/supplements); domain and pricing not in results.
90,Appliance repair,Rossware ServiceDesk,rossware.com,https://www.rossware.com/,unverified,unverified,https://rossware.net/PriceList.htm,"$6,000 purchase or $325/mo for 24 months (contract purchase); support $50/mo after included period",self-serve public price (one-time license),2002 (business start per BBB),1-10 employees,https://www.zoominfo.com/c/rossware-computing-inc/346939366,unverified,unverified,unverified,unverified,unverified (host blocked),"Appliance-specific: ServiceBench/ServicePower dispatch intake, Marcone/Encompass parts ordering, warranty claim filing (https://fieldcamp.ai/ai-dispatcher/best-appliance-repair-dispatch-software/). Founder Glade Ross (ex-Aardvark Appliance Service); Shelton WA (https://www.bbb.org/us/wa/shelton/profile/computer-software/rossware-computing-inc-1296-22722766)."
90,Appliance repair,Repair-CRM,repair-crm.com,https://www.repair-crm.com/2026/09/02/appliance-repair-software-the-2026-guide-for-small-shops/,unverified,unverified,https://www.repair-crm.com/2026/09/02/appliance-repair-software-the-2026-guide-for-small-shops/,$19/mo solo; $89/mo 2-5 techs; $119/mo 6-10; $179/mo 11-20,self-serve public price,2015,"1 employee (Tracxn, Jul 2024)",https://tracxn.com/d/companies/repaircrm/__VyDCM_W33zyJumUydkWyH2SaXZGuN8rPBORyHEGKYBs,no funding rounds,https://tracxn.com/d/companies/repaircrm/__VyDCM_W33zyJumUydkWyH2SaXZGuN8rPBORyHEGKYBs,unverified,unverified,unverified (host blocked),Tampa; mobile field-service CRM also marketed to landscaping/plumbing/HVAC.
90,Appliance repair,QuoteIQ,myquoteiq.com,https://myquoteiq.com/top-10-best-scheduling-software-for-appliance-repair-businesses-in-2026/,unverified,unverified,https://myquoteiq.com/top-10-best-scheduling-software-for-appliance-repair-businesses-in-2026/,$29.99/mo flat to $699/mo; no per-user fees,self-serve public price / free trial,unverified,unverified,unverified,"100% self-funded, no VC",https://myquoteiq.com/about-us/,unverified,unverified,unverified (host blocked),Horizontal FSM; appliance-repair content pages rather than a product landing. See niche 27 row for company details.
90,Appliance repair,Housecall Pro,housecallpro.com,https://www.housecallpro.com/industries/appliance-repair-software/,unverified,unverified,https://www.housecallpro.com/pricing/,Basic $59/mo; Essentials $149/mo; MAX $299/mo; +$35/mo per extra user; ~20% off annual; 14-day trial,self-serve public price / free trial,unverified,unverified,unverified,unverified,unverified,unverified,unverified,unverified (host blocked),Horizontal FSM with dedicated appliance-repair landing page.
90,Appliance repair,ServiceTitan,servicetitan.com,https://www.servicetitan.com/industries/appliance-repair-software,unverified,unverified,https://www.cleansavannah.com/post/best-appliance-repair-software-2026,"$245-500 per technician per month plus $5,000-50,000 implementation (third-party)",contact-sales,unverified,unverified,unverified,unverified,unverified,unverified,unverified,unverified (host blocked),Enterprise FSM with appliance-repair landing page; positioned for 15+ trucks.
90,Appliance repair,ServiceWorks,service.works,https://service.works/Appliance-repair-software.html,unverified,unverified,unverified,unverified,unverified,unverified,unverified,unverified,unverified,unverified,unverified,unverified,unverified (host blocked),Appliance-repair landing page in results; pricing and company data not found.
90,Appliance repair,Method:Field Services,method.me,https://www.method.me/resources/best-appliance-repair-software/,unverified,unverified,https://www.method.me/resources/best-appliance-repair-software/,from $15/mo per technician,self-serve public price,unverified,unverified,unverified,unverified,unverified,unverified,unverified,unverified (host blocked),QuickBooks-centric field service add-on; price from vendor's own roundup.
99,Customs brokers,Descartes NetCHB,netchb.com,https://home.netchb.com/,unverified,unverified,unverified,unverified,contact-sales,2005,"7 employees (PitchBook, at acquisition)",https://pitchbook.com/profiles/company/491462-29,acquired by Descartes Feb 2022 for $40M cash + up to $60M earn-out,https://www.descartes.com/resources/news/descartes-acquires-netchb,unverified,unverified,unverified (host blocked),"Cloud ABI filing used by 700+ customs brokers (https://www.sec.gov/Archives/edgar/data/1050140/000092963822000375/exhibit99-1.htm). Headcount is pre-acquisition; parent Descartes is a large public company, so treat bonus with caution."
99,Customs brokers,CustomsNow,customsnow.com,https://customsnow.com/solutions/customs-broker/,unverified,https://www.linkedin.com/company/customs-now-inc-,https://customsnow.com/solutions/,one-time license fee then per-transaction; amounts not public,contact-sales,2008,11-50 employees,https://www.linkedin.com/company/customs-now-inc-,unverified,https://www.crunchbase.com/organization/customsnow,unverified,unverified,unverified (host blocked),"ACE-certified ABI vendor and licensed broker; Scottsdale AZ. Files ISF, entry, in-bond, reconciliation, AES, PGAs."
99,Customs brokers,Strix,strixsmart.com,https://strixsmart.com/solutions/self-filing,unverified,unverified,https://strixsmart.com/pricing,$30/entry self-filing software; $100-$250/entry full brokerage; $500 onboarding; no contracts,self-serve public price (per entry),2006,unverified,unverified,unverified,https://www.crunchbase.com/organization/strix-22cd,unverified,unverified,unverified (host blocked),Bozeman MT brokerage + ACE-certified self-filing SaaS; hybrid broker/software model.
99,Customs brokers,CustomsCity,customscity.com,https://customscity.com/abi-automated-broker-interface/,unverified,https://ca.linkedin.com/company/customs-city,https://customscity.com/abi-pricing/,"per ABI transaction sent to CBP, billed monthly; amounts not shown",contact-sales,2018,11-50 employees,https://ca.linkedin.com/company/customs-city,unverified,https://www.crunchbase.com/organization/customs-city-global-solutions-inc,unverified,unverified,unverified (host blocked),"Pickering, Ontario; ABI, AMS, ISF, in-bond, eManifest with 24/7 support."
99,Customs brokers,Cervo AI,usecervo.com,https://usecervo.com/resources/how-to-choose-customs-broker-software,unverified,unverified,unverified,unverified,unverified,2023,unverified,unverified,"$5M seed (2024; HOF Capital, Zetta, Crossbeam); acquired by Altana July 2026 in a cash-and-stock deal that could exceed $100M",https://www.crunchbase.com/organization/cervo-ai,unverified,unverified,unverified (host blocked),"AI agent for customs brokerage workflows (entry prep, classification). Signals that an agentic wedge here is already being bought (https://finance.yahoo.com/economy/policy/articles/altana-acquires-customs-automation-startup-221917451.html)."
99,Customs brokers,Magaya,unverified,https://www.guideflow.com/blog/customs-brokerage-software,unverified,unverified,unverified,no public prices; tailored per organization,contact-sales,unverified,unverified,unverified,unverified,unverified,unverified,unverified,unverified (host blocked),Customs module inside a freight/logistics platform (https://www.cbinsights.com/compare/cargowise-vs-magaya). Domain not shown in results.
99,Customs brokers,CargoWise (WiseTech Global),unverified,https://gofreight.com/blog/best-customs-brokerage-software,unverified,unverified,https://g2.com/products/wisetech-global-cargowise/pricing,no public pricing,contact-sales,unverified,unverified,unverified,unverified,unverified,unverified,unverified,unverified (host blocked),Enterprise multi-jurisdiction customs; not an SMB tool.
99,Customs brokers,GoFreight,gofreight.com,https://gofreight.com/blog/best-customs-brokerage-software,unverified,unverified,unverified,unverified,unverified,unverified,unverified,unverified,unverified,unverified,unverified,unverified,unverified (host blocked),"Forwarder/brokerage platform (customs, ocean, air, accounting); pricing and company data not in results."
106,Self-storage facilities,Storable Edge (storEDGE),storable.com,https://www.storable.com/products/edge/,unverified,unverified,https://softwareconnect.com/roundups/best-self-storage-software/,$129/mo per facility (third-party); online-rental module +$25-$75/mo,contact-sales (third-party price; vendor is demo-based),unverified,unverified,unverified,unverified,unverified,unverified,unverified,unverified (host blocked),"Storable = SiteLink + storEDGE + SpareFoot, unified June 2019 under Cove Hill ownership (https://www.insideselfstorage.com/suppliers-products/self-storage-suppliers-sitelink-sparefoot-storedge-unite-brands-as-storable). storEDGE G2 pricing page: https://g2.com/products/storable-storedge/pricing."
106,Self-storage facilities,SiteLink (Storable),sitelink.com,https://www.storable.com/products/sitelink/,unverified,unverified,https://softwareconnect.com/roundups/best-self-storage-software/,~$150/mo Web Edition (third-party),contact-sales (third-party price),unverified,unverified,unverified,unverified,unverified,unverified,unverified,unverified (host blocked),Legacy market leader; see Storable row.
106,Self-storage facilities,Storable Easy (Easy Storage Solutions),storageunitsoftware.com,https://www.storageunitsoftware.com/about/,unverified,unverified,https://www.capterra.com/p/112769/Self-Storage-Software/pricing/,$90/mo flat Basic; free trial,self-serve public price (third-party listing),2008,unverified,unverified,merged with Storable in 2020; rebranded Storable Easy March 2025,https://www.storageunitsoftware.com/about/,unverified,unverified,unverified (host blocked),Founded by Ken Hendrickson and Jimmy Sorenson for independent owners; now the Storable small-facility product.
106,Self-storage facilities,Stora,stora.co,https://stora.co/,unverified,unverified,https://stora.co/pricing,from $83/mo (SelectHub),self-serve public price,2020 (alt 2021),~22 employees (Latka 2026); 39 per PitchBook,https://getlatka.com/companies/stora.co,GBP 0.5M round led by Techstart Ventures; $3.61M total per PitchBook; $2.4M ARR 2025,https://pitchbook.com/profiles/company/465807-43,unverified,unverified,unverified (host blocked),Belfast; automation-first for independent operators (https://listselfstorage.com/uk/industry-insights/self-storage-software-provider-stora-raises-0-5-million/).
106,Self-storage facilities,Storeganise,storeganise.com,https://storeganise.com/pricing,unverified,https://hk.linkedin.com/company/storeganise,https://storeganise.com/pricing,from $90/mo billed annually; free setup,self-serve public price,2015,5-7 employees,https://getlatka.com/companies/storeganise,bootstrapped; $1.2M revenue 2024,https://getlatka.com/companies/storeganise,unverified,unverified,unverified (host blocked),"Hong Kong; 1,200+ facilities in 40+ countries (https://www.tenantinc.com/blog/storage-automation-tools)."
106,Self-storage facilities,6Storage,6storage.com,https://us.6storage.com/self-storage-software/pricing/,unverified,unverified,https://us.6storage.com/self-storage-software/pricing/,from $75/mo (SelectHub); vendor blog cites $0.75/unit/mo and $30-$100/mo tiers,self-serve public price,2007,unverified,unverified,family-owned (vendor description),https://www.selecthub.com/p/self-storage-software/6storage/,unverified,unverified,unverified (host blocked),Missouri City; no headcount in results so no bonus despite family-owned wording.
106,Self-storage facilities,Kinnovis,kinnovis.com,https://kinnovis.com/,unverified,unverified,https://kinnovis.com/pricing/,request pricing,contact-sales,2020,12 employees (Jul 2026),https://tracxn.com/d/companies/kinnovis/__5x0B3WzEEy3A7FeS3wVnV54xA8UESrHEFlsetx3pCv0,no funding rounds,https://tracxn.com/d/companies/kinnovis/__5x0B3WzEEy3A7FeS3wVnV54xA8UESrHEFlsetx3pCv0,unverified,unverified,unverified (host blocked),"Austria; AI-positioned (automated rentals, access control). Founders Martin Wild, Martin Kopf."
113,Pawn shops,Bravo Store Systems,bravostoresystems.com,https://www.bravostoresystems.com/point-of-sale-for-pawnbrokers,unverified,unverified,https://www.itqlick.com/compare/bravo-pos-software/pawnmaster,$79/mo 1 user; $199/mo 10 users; $399/mo 100 users (ITQlick); 'starts at $99/mo' per SoftwareConnect; vendor quotes per store,contact-sales (third-party prices),2010,85 employees,https://www.crunchbase.com/organization/bravo-pawn-systems,unverified,https://pitchbook.com/profiles/company/164178-37,unverified,unverified,unverified (host blocked),Las Vegas; pawn + FFL + consignment POS; automates LeadsOnline/BWI/RAPID police reporting. Also owns PawnMaster.
113,Pawn shops,PawnMaster (Bravo / Data Age),unverified,https://www.softwareadvice.com/pawn-shop/data-age-pos-software-profile/,unverified,unverified,https://www.itqlick.com/compare/pawnmaster/bravo-pos-software,$99/mo 1 user; $249/mo 10 users; $499/mo 100 users (ITQlick),contact-sales (third-party prices),unverified,unverified,unverified,unverified,unverified,unverified,unverified,unverified (host blocked),Established on-premise pawn system; Capterra compare: https://www.capterra.com/pawn-shop-software/compare/161834-112512/Bravo-vs-PawnMaster. Domain not shown in results.
113,Pawn shops,PawnSmarts,pawn-software.com,https://pawn-software.com/pawn-shop-pos.htm,unverified,unverified,https://pawn-software.com/pawn-shop-pos.htm,"Essential $89/mo; Professional $129/mo month-to-month; Professional one-time $2,995",self-serve public price,unverified,unverified,unverified,unverified,unverified,unverified,unverified,unverified (host blocked),Cloud pawn POS with LeadsOnline reporting module (https://pawn-software.com/leads-online-software.htm); founded/headcount not in results.
113,Pawn shops,PawnMate,pawnmate.com,https://www.pawnmate.com/,unverified,unverified,https://www.pawnmate.com/about-us/,Lite / Suite / Ultimate packages; quote,contact-sales,2017 (per about page 'since 2017'),unverified,unverified,unverified,unverified,unverified,unverified,unverified (host blocked),"Serves 'hundreds' of pawnshops across Canada, USA, Mexico, Europe."
113,Pawn shops,PawnSnap (Snap Software),snapsoftware.com,https://www.snapsoftware.com/,unverified,unverified,https://www.capterra.com/p/169553/PawnSnap/,quote based on requirements,contact-sales,2015,3 employees (Apr 2026),https://tracxn.com/d/companies/pawnsnap/__q3_2XGZBe_ndZ-rx8wm9MLDx1iTBbf8YwhwDVQyWEM4,unverified,https://www.crunchbase.com/organization/snap-software,unverified,unverified,unverified (host blocked),"New Port Richey FL; 2D barcode scanning, military lending verification."
113,Pawn shops,Pawnit Systems,unverified,https://www.guideflow.com/blog/pawn-shop-software,unverified,unverified,https://www.guideflow.com/blog/pawn-shop-software,cloud access from under $60/mo (third-party),self-serve public price (third-party listing),unverified,unverified,unverified,unverified,unverified,unverified,unverified,unverified (host blocked),Budget entry per Guideflow roundup; domain not shown.
113,Pawn shops,Pawnbroker Pawn Shop Software (PPSS),unverified,https://www.capterra.com/p/163445/PPSS/,unverified,unverified,https://www.capterra.com/p/163445/PPSS/,$495 entry-level one-time; $150/yr maintenance from year 2,"self-serve public price (one-time, third-party listing)",unverified,unverified,unverified,unverified,unverified,unverified,unverified,unverified (host blocked),Small-shop desktop package with e-mailed police reports.
120,Vending machine operators,VendSoft,vendsoft.com,https://www.vendsoft.com/,unverified,unverified,https://www.vendsoft.com/pricing/,Basic $1/machine/mo (min $19/mo); Premium $2/machine/mo (min $49/mo),self-serve public price,2012 (Crunchbase; another source says 2013),~22 employees (2026),https://getlatka.com/companies/vendsoft,unfunded (Crunchbase); $1.4M ARR 2021 per Latka,https://www.crunchbase.com/organization/vendsoft,unverified,unverified,unverified (host blocked),"Slough UK; 2,000+ operators, 48,000+ machines; integrates Cantaloupe, Nayax, Coinco, CPI, Crane telemetry. CEO Christopher Suiter."
120,Vending machine operators,Parlevel Systems,parlevelsystems.com,https://www.parlevelsystems.com/vms/,unverified,https://www.linkedin.com/company/parlevel-systems,https://gitnux.org/best/vending-management-software/,custom subscription ~$15/machine/mo (third-party),contact-sales,2013,unverified,unverified,Series A; acquired by 365 Retail Markets 2022 ('tens of millions'),https://www.crunchbase.com/acquisition/365-retail-markets-acquires-parlevel-systems--17632ab0,unverified,unverified,unverified (host blocked),San Antonio (Geekdom); telemetry + VMS (https://sanantonioreport.org/parlevel-sale-geekdom-startup-san-antonio/).
120,Vending machine operators,Cantaloupe Seed,cantaloupe.com,https://www.cantaloupe.com/products/telemetry/,unverified,unverified,https://vendbuddy.io/blog/best-vending-machine-card-readers-2026,telemetry + SaaS $8-$12/machine/mo (third-party); OpenVDI $5/mo per device,contact-sales (third-party price),unverified,unverified,unverified,unverified,unverified,unverified,unverified,unverified (host blocked),"Seed devices in 70,000+ machines; payments + telemetry + VMS bundle. OpenVDI price from https://www.vendingmarketwatch.com/technology/product/10342494/cantaloupe-systems-cantaloupe-openvdi-wireless-vending-management-system."
120,Vending machine operators,VendSys,vendsys.com,https://www.vendsys.com/,unverified,unverified,unverified,not public,contact-sales,2009,unverified,unverified,"$107.3K revenue, 150 customers per Latka",https://getlatka.com/companies/vendsys,unverified,unverified,unverified (host blocked),"Wellesley Hills MA; software + handhelds + remote monitoring for 5 to 50,000 points of sale (https://www.vendsys.com/about/)."
120,Vending machine operators,Gimme,unverified,https://www.linkedin.com/company/gimmevend,unverified,https://www.linkedin.com/company/gimmevend,unverified,unverified,unverified,2014,~11 employees (2026),https://getlatka.com/companies/gimme-1,self-funded ($0 raised per Latka); other databases show $450K-$1.7M,https://www.crunchbase.com/organization/gimmevend,unverified,unverified,unverified (host blocked),"Computer-vision merchandising/VMS for vending and micro-markets; founders Cory Hewett, Evan Jarecki. Domain not shown in results."
120,Vending machine operators,VendMAX (Crane),unverified,https://sourceforge.net/software/vending-machine-management/for-small-business/,unverified,unverified,unverified,unverified,unverified,unverified,unverified,unverified,unverified,unverified,unverified,unverified,unverified (host blocked),'Over 200 customers in 25 years' per SourceForge listing; enterprise-leaning.
120,Vending machine operators,VendGO,vendgo.co,https://www.vendgo.co/blog/what-is-a-vending-management-system,unverified,unverified,unverified,unverified,unverified,unverified,unverified,unverified,unverified,unverified,unverified,unverified,unverified (host blocked),Newer VMS; only an explainer page surfaced.
127,Hair salons,GlossGenius,glossgenius.com,https://glossgenius.com/blog/phorest-alternatives,unverified,unverified,https://www.glossystack.com/pricing,Standard $24/mo; Gold $48/mo; Platinum $148/mo (third-party); Guideflow says from $28/mo,self-serve public price (third-party listing),2015,378 employees (May 2026),https://www.crunchbase.com/organization/glossgenuis,$72.2M over 5 rounds; bootstrapped 5 years before $16.4M round; $25M in 2022,https://techcrunch.com/2022/09/27/glossgenius-funding-valuation-beauty-fintech-salon-wellness-owners-smbs/,unverified,unverified,unverified (host blocked),"Solo/small-team stylists; founders Danielle Cohen Shohet, Karim Butt."
127,Hair salons,Vagaro,vagaro.com,https://www.vagaro.com/learn/best-salon-software,unverified,unverified,https://www.vagaro.com/learn/best-salon-software,from $30/mo one calendar; ~$10/mo per extra calendar; add-ons push $150-$200+/mo,self-serve public price,unverified,unverified,unverified,unverified,unverified,unverified,unverified,unverified (host blocked),Beauty/wellness all-in-one with marketplace; pricing details from https://bookingpro.ai/blog/best-salon-software-2026/.
127,Hair salons,Fresha,unverified,https://www.guideflow.com/blog/salon-software,unverified,unverified,https://bookingpro.ai/blog/best-salon-software-2026/,from $19.95/mo; free tier with 20% commission on new marketplace bookings,self-serve public price (third-party listing),unverified,unverified,unverified,unverified,unverified,unverified,unverified,unverified (host blocked),Marketplace-led model; domain not shown in results.
127,Hair salons,Boulevard,joinblvd.com,https://www.joinblvd.com/blog/salon-trends-industry-statistics,unverified,unverified,https://www.guideflow.com/blog/salon-software,Essentials $176/mo ($158/mo annual),self-serve public price (third-party listing),unverified,unverified,unverified,unverified,unverified,unverified,unverified,unverified (host blocked),Premium salons/spas.
127,Hair salons,Mangomint,mangomint.com,https://www.mangomint.com/pricing/,unverified,unverified,https://www.mangomint.com/pricing/,from $120/mo + $10/user (other sources $165/mo); top plan $375/mo,self-serve public price,2017,139 employees (2026-06-30),https://www.crunchbase.com/organization/mangomint,"$48M raised; $35M Series B (Altos Ventures, SaaStr Fund)",https://techcrunch.com/2024/09/06/how-a-cold-email-to-a-vc-helped-salon-software-startup-mangomint-raise-35m/,unverified,unverified,unverified (host blocked),"Los Angeles; founders Sandra Huber, Dan Poineau."
127,Hair salons,Phorest,unverified,https://glossgenius.com/blog/phorest-alternatives,unverified,unverified,unverified,~$99/mo entry; quote-based; $250-$350/location typical (third-party),contact-sales,unverified,unverified,unverified,unverified,unverified,unverified,unverified,unverified (host blocked),Multi-location salon platform; domain not shown.
127,Hair salons,Booksy,booksy.com,https://biz.booksy.com/en-us/who-loves-us/hair,unverified,unverified,unverified,unverified,unverified,unverified,unverified,unverified,unverified,unverified,unverified,unverified,unverified (host blocked),Marketplace + booking app popular with independent stylists; pricing not in results.
127,Hair salons,Square Appointments,squareup.com,https://squareup.com/us/en/beauty/salons,unverified,unverified,https://www.salonbookingsystem.com/salon-booking-system-blog/hair-salon-software-free/,free plan for individuals; paid team plans,self-serve public price (free tier),unverified,unverified,unverified,unverified,unverified,unverified,unverified,unverified (host blocked),Horizontal POS with a salons landing page.
134,Physical therapy clinics (independent),WebPT,webpt.com,https://www.webpt.com/,unverified,unverified,https://softwarefinder.com/emr-software/webpt,"from $99/mo; per-visit model $3+/visit; billing (Therabill), AI docs and prior auth are add-ons (third-party)",contact-sales (third-party price),unverified,unverified,unverified,unverified,unverified,unverified,unverified,unverified (host blocked),Rehab-therapy EMR market leader; per-visit figure from https://www.sprypt.com/blog/healthcare-pms-pricing.
134,Physical therapy clinics (independent),Prompt Health (Prompt EMR),prompthealth.com,https://www.prompthealth.com/,unverified,https://www.linkedin.com/company/promptemr,https://pabau.com/blog/physical-therapy-emr-software/,~$289/mo user-reported (third-party),contact-sales,2017,300-354 employees,https://www.crunchbase.com/organization/prompt-emr,"$213M raised (ICONIQ Capital, Breachway, Amity, SSC)",https://pitchbook.com/profiles/company/454760-20,unverified,unverified,unverified (host blocked),"Paramus NJ; founders Adam Baliatico, Mike Dwyer; CEO Raymond Baliatico."
134,Physical therapy clinics (independent),SPRY,sprypt.com,https://www.sprypt.com/,unverified,https://www.linkedin.com/company/sprypt,https://www.sprypt.com/blog/spry-pricing-physical-therapy-emr-cost,Essentials from $79/provider/mo,self-serve public price,2021,201-500 employees,https://www.linkedin.com/company/sprypt,"$25M raised (Flourish $15M lead; Eight Roads $7M Series A; Together Fund, F-Prime)",https://flourishventures.com/perspectives/why-we-invested-in-spry/,unverified,unverified,unverified (host blocked),"AI-driven PT/OT/SLP practice management; founders Brijraj Bhuptani (ex-Ola CTO), Riyaz Rehman."
134,Physical therapy clinics (independent),TheraPlatform,theraplatform.com,https://www.theraplatform.com/resources/281/physical-therapy-software,unverified,https://www.linkedin.com/company/theraplatform,https://www.theraplatform.com/resources/281/physical-therapy-software,from $39/mo solo provider; no setup fees or contracts,self-serve public price,2011,10 employees (Tracxn); LinkedIn 11-50,https://tracxn.com/d/companies/theraplatform/__dytvRIQiS26BDx3agMK9xq-UBBUzMxwTuUr3zIGXYtc,no funding raised,https://tracxn.com/d/companies/theraplatform/__dytvRIQiS26BDx3agMK9xq-UBBUzMxwTuUr3zIGXYtc,unverified,unverified,unverified (host blocked),Burbank CA; telehealth + EHR + billing for therapy practices.
134,Physical therapy clinics (independent),TurboPT,turbopt.com,https://turbopt.com/,unverified,unverified,https://www.capterra.com/p/141394/TurboPT/pricing/,"yearly, monthly or perpetual license; amounts not public",contact-sales,1991,11-50 employees,https://www.zoominfo.com/c/turbo-pt/356131931,unverified,unverified,unverified,unverified,unverified (host blocked),"Independent-practice EMR/billing with AI scribe; 1,200+ practices (https://turbopt.com/about-turbopt)."
134,Physical therapy clinics (independent),AdvancedMD (Physical Therapy),advancedmd.com,https://www.advancedmd.com/specialties/physical-therapy/ehr-emr-software/,unverified,unverified,https://www.sprypt.com/blog/healthcare-pms-pricing,Physical Medicine configuration from $399/provider/mo (third-party),contact-sales,unverified,unverified,unverified,unverified,unverified,unverified,unverified,unverified (host blocked),Horizontal EHR with PT specialty landing page.
134,Physical therapy clinics (independent),Net Health,ntst.com,https://www.ntst.com/physical-therapy-software,unverified,unverified,unverified,unverified,contact-sales,unverified,unverified,unverified,unverified,unverified,unverified,unverified,unverified (host blocked),Enterprise rehab EMR; Limber MSK product noted; no price in results.
134,Physical therapy clinics (independent),Vagaro (Physical Therapy),vagaro.com,https://www.vagaro.com/pro/physical-therapy-software,unverified,unverified,unverified,unverified,unverified,unverified,unverified,unverified,unverified,unverified,unverified,unverified,unverified (host blocked),Horizontal scheduling/POS with a PT landing page; PT-specific pricing not shown.
142,Dance studios,Jackrabbit Dance,jackrabbitdance.com,https://www.jackrabbitdance.com/,unverified,unverified,https://www.classcardapp.com/blog/best-dance-studio-software-7-tools-compared-for-2026,$49/mo up to 50 students; Plus $93/mo + $169 setup; Enterprise $245/mo (third-party),self-serve public price (third-party listing),2004,"128 employees (alt 121, 112)",https://www.crunchbase.com/organization/jackrabbit-technologies,$350K over 1 round; $13.5M revenue per Latka,https://getlatka.com/companies/Jackrabbit_Technologies,unverified,unverified,unverified (host blocked),"Huntersville NC; 7,000+ businesses; also gymnastics/swim (Jackrabbit Class)."
142,Dance studios,DanceStudio-Pro (Studio Pro),dancestudio-pro.com,https://gostudiopro.com/dance,unverified,unverified,https://info.dancestudio-pro.com/pricing,from $30/mo; Elite $150/mo; unlimited students and classes,self-serve public price,2006,unverified,unverified,unverified,unverified,unverified,unverified,unverified (host blocked),Flat-rate pricing positioning vs Jackrabbit's student-count tiers (https://www.dancestudiomanager.com/dancestudio-pro-vs-jackrabbit-dance/). Capterra: https://www.capterra.com/p/131996/DanceStudio-Pro/.
142,Dance studios,The Studio Director,thestudiodirector.com,https://www.thestudiodirector.com/pricing/,unverified,unverified,https://www.thestudiodirector.com/pricing/,from $39/mo flat for 0-100 students; free training and trial,self-serve public price,unverified,unverified,unverified,unverified,unverified,unverified,unverified,unverified (host blocked),Dance/gymnastics/cheer studios; founded/headcount not in results.
142,Dance studios,Akada,akadasoftware.com,https://akadasoftware.com/pricing/,unverified,https://www.linkedin.com/company/akada-software-inc.,https://akadasoftware.com/pricing/,"free up to 100 students; $45/mo to 250; $60/500; $75/1,000; $105/2,000; $120/3,000",self-serve public price,1994,7 employees (Jul 2026),https://tracxn.com/d/companies/akadasoftware/__Yh4BTPACq7xqUAjbqAT_UMPWqbynu88X7pmski1fuRc,family-owned (second generation),https://www.akadasoftware.com/about/,unverified,unverified,unverified (host blocked),Dance-only back office for 25+ years.
142,Dance studios,iClassPro,iclasspro.com,https://www.iclasspro.com/dance-software-features,unverified,unverified,https://www.iclasspro.com/iclasspro-pricing,from $129/mo,self-serve public price,unverified,unverified,unverified,unverified,unverified,unverified,unverified,unverified (host blocked),"Multi-discipline class management (gymnastics, swim, dance)."
142,Dance studios,Class Manager,classmanager.com,https://classmanager.com/dance-studio-software,unverified,unverified,https://classmanager.com/,free; percentage fee on online payments only,self-serve public price (free + transaction fee),unverified,unverified,unverified,unverified,unverified,unverified,unverified,unverified (host blocked),Founders Matt and Kamlesh (ex Stage Stubs ticketing). Employee count not in results.
142,Dance studios,Sawyer,unverified,https://www.classcardapp.com/blog/best-dance-studio-software-7-tools-compared-for-2026,unverified,unverified,https://www.classcardapp.com/blog/best-dance-studio-software-7-tools-compared-for-2026,from $109/mo (third-party),self-serve public price (third-party listing),unverified,unverified,unverified,unverified,unverified,unverified,unverified,unverified (host blocked),Discovery/marketplace-oriented children's activities platform; domain not shown.
142,Dance studios,Dance Studio Manager,dancestudiomanager.com,https://www.dancestudiomanager.com/,unverified,unverified,unverified,unverified,unverified,unverified,unverified,unverified,unverified,unverified,unverified,unverified,unverified (host blocked),Vertical; only feature pages and comparison posts surfaced.
150,Tutoring centers,TutorBird (Port 443),tutorbird.com,https://www.tutorbird.com/,unverified,https://ca.linkedin.com/company/port443,https://www.capterra.com/p/181623/TutorBird/,$16.95/mo Basic (1 tutor) + $4.95/mo per additional tutor/admin; 30-day trial,self-serve public price / free trial,2014,'small but mighty team' (no count),https://www.port443.io/,unverified,unverified,unverified,unverified,unverified (host blocked),"Port 443 Inc., Burlington ON (My Music Staff, TutorBird, AthletaDesk); President Dan Santoni. No numeric headcount, so no bonus."
150,Tutoring centers,Teachworks,teachworks.com,https://www.teachworks.com/tutoring-management-software,unverified,https://www.linkedin.com/company/teachworks,https://www.teachngo.com/blog/best-tutoring-business-software-us,$16-$89/mo base plus per-lesson charge (third-party),self-serve public price (third-party listing),2014,10 employees (May 2026); LinkedIn 2-10,https://tracxn.com/d/companies/teachworks/__vrPpN-x2DqxGrVo3QTYruiUrE3R6tvNvkUABqWk6oes,"acquired July 2024 by Vertus Group (Jonas Software, 'buy-and-hold forever')",https://www.teachngo.com/blog/teachworks-review,unverified,unverified,unverified (host blocked),"Kitchener ON; founder Harrison Jorritsma. Parent is Constellation-affiliated, so bonus is on the unit's headcount only."
150,Tutoring centers,TutorCruncher,tutorcruncher.com,https://tutorcruncher.com/blog/best-tutoring-software,unverified,unverified,https://www.capterra.com/p/145838/TutorCruncher/,$30-$240/mo tiers plus 1% of revenue (pay-as-you-go) or 0.65% (Startup); enterprise custom,self-serve public price (third-party listing),unverified,unverified,unverified,unverified,unverified,unverified,unverified,unverified (host blocked),Fits agencies managing many freelance tutors (https://www.teachngo.com/blog/best-tutoring-business-software-us).
150,Tutoring centers,Oases Online,unverified,https://tutorbase.com/compare/oases-vs-tutorcruncher,unverified,unverified,https://tutorbase.com/compare/oases-vs-tutorcruncher,"$99-$699/mo plus $299 onboarding (alt from $16.95/mo); extra charges for SMS, templates, payments",self-serve public price (third-party listing),unverified,unverified,unverified,unverified,unverified,unverified,unverified,unverified (host blocked),Marketplace storefront + management; domain not shown.
150,Tutoring centers,Tutorbase,tutorbase.com,https://tutorbase.com/,unverified,unverified,https://tutorbase.com/blog/how-much-does-tutoring-software-cost,free to use; 1% fee on invoices created; no per-user or per-lesson fees,self-serve public price (free + transaction fee),"2014 (per '70,000+ users since 2014')",unverified,unverified,unverified,unverified,unverified,unverified,unverified (host blocked),Publishes many 'best of' roundups that feature itself.
150,Tutoring centers,Wise,wise.live,https://www.wise.live/,unverified,unverified,https://www.wise.live/pricing/,two packages; amounts not shown,unverified,2020,unverified,unverified,"$5M raised (angels incl. founders of Product Hunt, Plaid, Teachable, Rippling)",https://tracxn.com/d/companies/wise/__3UqTczmh8mfcGdUWmVjECrY0QY1HlT0aLPD6xgPrM-M,unverified,unverified,unverified (host blocked),"San Francisco / Bangalore; scheduling, invoicing, attendance, live-session recording."
150,Tutoring centers,Pike13,unverified,https://tutorbase.com/blog/best-billing-software-for-tutoring-businesses,unverified,unverified,unverified,not public; sales consultation,contact-sales,unverified,unverified,unverified,unverified,unverified,unverified,unverified,unverified (host blocked),"Class/membership platform (music schools, swim, tutoring agencies); domain not shown."
150,Tutoring centers,Dewey,unverified,https://www.g2.com/sellers/dewey-learning-inc,unverified,unverified,unverified,unverified,unverified,unverified,unverified,unverified,unverified,unverified,unverified,unverified,unverified (host blocked),Tutor management for private tutors and centers; only G2 seller page surfaced.
157,Horse boarding & riding stables,Stable Secretary,stablesecretary.com,https://stablesecretary.com/,unverified,https://www.linkedin.com/company/stable-secretary,https://stablesecretary.com/pricing/,"$49/mo up to 10 horses, scaling to $199+/mo for 50+ horses (Guideflow); TechnologyCounter lists $6.95/user/mo",self-serve public price,2013,2-10 employees,https://www.linkedin.com/company/stable-secretary,unverified,unverified,unverified,unverified,unverified (host blocked),"New London NH; founder Kate Rice Nilan (professional rider). Horse health, billing, team communication. Price sources conflict."
157,Horse boarding & riding stables,Stables (stables.co),stables.co,https://stables.co/,unverified,unverified,https://stables.co/,free for barns; transaction fee when a boarder pays through Stables,self-serve public price (free + transaction fee),launched June 2026 after closed beta,unverified,unverified,unverified,unverified,unverified,unverified,unverified (host blocked),Care-to-cash workflow for boarding facilities (https://stables.co/blog/stables-horse-boarding-software-launch). Funding not in results.
157,Horse boarding & riding stables,Stables Systems,stablessystems.com,https://stablessystems.com/horse-boarding-software/,unverified,unverified,https://stablessystems.com/,from $75/mo flat,self-serve public price,unverified,unverified,unverified,unverified,unverified,unverified,unverified,unverified (host blocked),"Scheduling, billing, records; separate company from stables.co despite the name. Company data not in results."
157,Horse boarding & riding stables,BarnManager,unverified,https://www.getapp.com/industries-software/a/barnmanager/,unverified,unverified,https://www.getapp.com/industries-software/a/barnmanager/,$10/user/mo (third-party),self-serve public price (third-party listing),unverified,unverified,unverified,unverified,unverified,unverified,unverified,unverified (host blocked),Domain not shown in results; Software Advice profile: https://www.softwareadvice.com/horse/barnmanager-profile/.
157,Horse boarding & riding stables,Stablebuzz,stablebuzz.com,https://www.stablebuzz.com/,unverified,unverified,https://www.capterra.ca/software/188502/stablebuzz,from US$19.98/mo; alt $1.11 per horse (third-party),self-serve public price (third-party listing),1994,unverified,unverified,unverified,unverified,unverified,unverified,unverified (host blocked),"Abbotsford BC; founder Colin Schmidt (https://www.stablebuzz.com/about-us/); horses, customers, staff, classes."
157,Horse boarding & riding stables,Equine Simplified,equinesimplified.com,https://equinesimplified.com/,unverified,unverified,https://apps.apple.com/us/app/equine-simplified/id1617988083,from $6.95/mo; free base app; 15-day trial,self-serve public price / free trial,unverified,unverified,unverified,unverified,unverified,unverified,unverified,unverified (host blocked),Barn paperwork/automation app; Crunchbase: https://www.crunchbase.com/organization/equine-simplified.
157,Horse boarding & riding stables,eSoft Planner,esoftplanner.com,https://www.esoftplanner.com/simplify-boarding-and-leasing-payments-with-a-barn-management-app/,unverified,unverified,unverified,unverified,unverified,unverified,unverified,unverified,unverified,unverified,unverified,unverified,unverified (host blocked),Generic scheduling/billing with a barn-management landing page.
157,Horse boarding & riding stables,Paddock Pro,unverified,https://www.capterra.com/p/118836/Paddock-Pro/,unverified,unverified,https://www.capterra.com/p/118836/Paddock-Pro/,unverified,unverified,unverified,unverified,unverified,unverified,unverified,unverified,unverified,unverified (host blocked),Capterra listing only.
