id,niche,naics,sector,why_boring,boring_score,us_establishments,estab_year,estab_source_url,share_under_20_employees,share_source_url,n_tools_search_verified,n_tools_candidate_unverified,n_tools_public_price_url,fragmentation_score,max_headcount_bonus,provisional_evidence_score,ad_longevity_score,research_status,notes
1,Septic system installers,238910,23,Digging and permitting tanks; county health-dept permits and as-built drawings,3,"38,839 establishments (38,433 businesses); septic installers are a subset of NAICS 238910 Site Preparation Contractors",2020,https://naicslist.com/naics/238910,unverified,unverified,7,0,2,2,0,4,unverified (ad libraries blocked),searched (partial: search budget exhausted mid-batch),"Alt counts: 30,629 verified active companies (https://siccode.com/naics-code/238910/site-preparation-contractors). Adjacent IBISWorld Septic Drain & Sewer Cleaning Services: 7,338 businesses 2024 (https://www.ibisworld.com/industry-statistics/number-of-businesses/septic-drain-sewer-cleaning-services-united-states/) - pumping/service not installation. No installer-only count found."
2,Water well drilling contractors,237110,23,"State well logs, driller licensing, pump service call-backs",3,"7,414 companies (entire NAICS 237110 Water and Sewer Line and Related Structures Construction; well drilling is a subset)",unverified,https://siccode.com/naics-code/237110/water-sewer-line-structures-construction,unverified,unverified,4,0,1,2,2,6,unverified (ad libraries blocked),searched (partial: search budget exhausted mid-batch),"DrillerDB directory claims 12,000+ licensed water well drilling contractors, pump installers and service teams nationwide (https://drillerdb.com/find-drillers) - vendor claim, not census. NGWA membership count not found in snippets."
3,Residential roofing contractors,238160,23,"Storm-chasing estimates, insurance supplements, crew scheduling",3,"108,598 businesses (IBISWorld Roofing Contractors in the US)",2026,https://www.ibisworld.com/united-states/number-of-businesses/roofing-contractors/198,unverified,unverified,6,0,1,5,2,7,unverified (ad libraries blocked),searched (partial: search budget exhausted mid-batch),"Alt: 36,365 verified active companies NAICS 238160 (https://siccode.com/naics-code/238160/roofing-contractors). IBISWorld notes +3.4%/yr 2021-2026."
4,Fence contractors,238990,23,"Linear-foot quoting, HOA/permit paperwork, install crews",3,"315,213 businesses (IBISWorld Fence Construction in the US)",2026,https://www.ibisworld.com/united-states/number-of-businesses/fence-construction/2022,unverified,unverified,3,1,2,2,2,6,unverified (ad libraries blocked),searched (partial: search budget exhausted mid-batch),IBISWorld count includes non-employer/sole-proprietor firms; CAGR 1.0% 2021-2026 (https://www.ibisworld.com/industry-statistics/number-of-businesses/fence-construction-united-states/).
5,Garage door installers & repair,238290,23,"Service calls, spring/opener parts, warranty paperwork",3,299 businesses (IBISWorld Garage Door Installation in the US) - IBISWorld definition appears narrow,2025,https://www.ibisworld.com/industry-statistics/number-of-businesses/garage-door-installation-united-states/,unverified,unverified,11,0,1,4,2,6,unverified (ad libraries blocked),searched (partial: search budget exhausted mid-batch),IBISWorld says industry has high market share concentration; largest business Sanwa Holdings Corporation (https://www.ibisworld.com/united-states/industry/garage-door-installation/4855/). The 299 figure likely excludes the long tail of local repair shops; treat with caution. No NAICS 238290 census count surfaced.
6,Insulation & spray foam contractors,238310,23,"R-value quoting, utility rebate forms, energy-code compliance",3,"19,339 businesses (NAICS 238310 Drywall and Insulation Contractors, Census)",2020,https://naicslist.com/naics/238310,unverified,unverified,4,0,1,2,2,6,unverified (ad libraries blocked),searched (partial: search budget exhausted mid-batch),"Alt: 10,475 verified business locations (https://siccode.com/naics-code/238310/drywall-insulation-contractors). NAICS 238310 mixes drywall and insulation; no insulation-only count found."
7,Gutter installation & cleaning contractors,238170,23,"Seasonal route work, linear-foot quotes, ladder crews",3,"4,929 businesses (IBISWorld Gutter Services in the US)",2025,https://www.ibisworld.com/industry-statistics/number-of-businesses/gutter-services-united-states/,unverified,unverified,4,0,2,2,2,6,unverified (ad libraries blocked),searched (partial: search budget exhausted mid-batch),"IBISWorld CAGR 3.9% 2020-2025; 4,591 enterprises in 2023 (https://www.ibisworld.com/united-states/industry/gutter-services/6321/). Many gutter installers are classified under roofing/siding so true count is likely higher."
8,Concrete flatwork & driveway contractors,238110,23,"Yardage quoting, pour scheduling around weather, permits",3,"93,960 businesses (IBISWorld Concrete Contractors in the US)",2026,https://www.ibisworld.com/united-states/number-of-businesses/concrete-contractors/200/,unverified,unverified,3,0,2,3,2,7,unverified (ad libraries blocked),searched (partial: search budget exhausted mid-batch),"Alt: 15,371 verified active companies NAICS 238110 (https://siccode.com/naics-code/238110/poured-concrete-foundation-structure-contractors). IBISWorld CAGR 1.7% 2021-2026."
9,Residential painting contractors,238320,23,"Square-foot estimating, crew scheduling, lead-paint (RRP) paperwork",3,"219,542 businesses (IBISWorld Painting & Wall Covering Contractors in the US)",2026,https://www.ibisworld.com/united-states/number-of-businesses/painters/187/,unverified,unverified,9,0,5,4,2,7,unverified (ad libraries blocked),searched (partial: search budget exhausted mid-batch),"Alt: 37,113 businesses Census 2020 (https://naicslist.com/naics/238320); 30,209 verified active (https://siccode.com/naics-code/238320/painting-wall-covering-contractors). IBISWorld count declining -0.7%/yr."
10,Excavation & grading contractors,238910,23,"811 locates, equipment hours, dirt hauling tickets",3,"235,812 businesses (IBISWorld Excavation Contractors in the US)",2026,https://www.ibisworld.com/united-states/number-of-businesses/excavation-contractors/206/,unverified,unverified,3,2,1,2,2,6,unverified (ad libraries blocked),searched (partial: search budget exhausted mid-batch),"Shares NAICS 238910 with septic installers; Census 2020 count for 238910 is 38,839 establishments (https://naicslist.com/naics/238910). IBISWorld figure includes nonemployers."
11,Asphalt paving & sealcoating contractors,238990,23,"Seasonal quoting, weather scheduling, municipal bid paperwork",3,"138,636 (IBISWorld Paving Contractors, businesses); 37,952 (NAICS 238990 establishments, Census 2020)",2026 / 2020,https://www.ibisworld.com/industry-statistics/number-of-businesses/paving-contractors-united-states/ ; https://naicslist.com/naics/238990,unverified,unverified,8,0,2,4,2,8,unverified (ad libraries blocked),searched (partial: search budget exhausted mid-batch),"IBISWorld: paving contractors grew ~2.0%/yr 2020-25; industry 'highly fragmented, no company >5% share' (https://www.ibisworld.com/united-states/industry/paving-contractors/2020/). NAICS 238990 is a catch-all; 37,952 figure attributed to naicslist.com result in the 238990 result set. Another result (siccode) cited 46,275 active companies for 238990."
12,Fire sprinkler contractors,238220,23,"NFPA 25 inspection reports, AHJ submittals, backflow/hydrostatic tests",3,"19,845 (IBISWorld Fire Protection & Security System Installation Contractors)",2025,https://www.ibisworld.com/united-states/number-of-businesses/security-system-services/1491/ (result set) ; https://www.ibisworld.com/united-states/industry/fire-protection-and-security-system-installation-contractors/6486/,unverified,unverified,5,0,1,3,2,6,unverified (ad libraries blocked),searched (partial: search budget exhausted mid-batch),"IBISWorld: market size $22.1bn (2025), 100,586 employed (2025), 'highly fragmented, no company >5%'. Broad NAICS 238220 (plumbing/HVAC incl. sprinkler) count of 88,738 companies appeared in result set (https://www.item.com/naics/238220 or https://www.insurancexdate.com/naics/238220; attribution between the two not confirmed). Sprinkler-only establishment count: unverified."
13,"Low-voltage, alarm & security camera installers",238210,23,"Permits, monitoring contracts, recurring inspection paperwork",3,"87,086 (IBISWorld Security System Services businesses); 55,951 (NAICS 238210 companies verified active, siccode)",2026 / n.d.,https://www.ibisworld.com/united-states/number-of-businesses/security-system-services/1491/ ; https://siccode.com/naics-code/238210/electrical-contractors-wiring-installation-contractors,unverified,unverified,6,1,1,3,2,7,unverified (ad libraries blocked),searched (partial: search budget exhausted mid-batch),"IBISWorld Security System Services: $41.2bn (2026), CAGR 4.4% 2021-26, 'low market share concentration', largest is ADT (https://www.ibisworld.com/united-states/industry/security-system-services/1491/). NAICS 238210 includes all electrical contractors, so it overstates low-voltage-only shops."
14,Pool builders,238990,23,"Permit sets, subcontractor sequencing, change orders",3,"22,731 (IBISWorld Swimming Pool Construction businesses)",2026,https://www.ibisworld.com/industry-statistics/number-of-businesses/swimming-pool-construction-united-states/,unverified,unverified,6,0,0,2,0,3,unverified (ad libraries blocked),searched (partial: search budget exhausted mid-batch),IBISWorld: +2.9% vs 2025; +4.2%/yr avg 2021-26. Concentration data not retrieved.
15,Foundation repair & basement waterproofing contractors,238190,23,"Engineer letters, lifetime-warranty transfers, financing paperwork",3,"6,106 establishments (NAICS 238190, Census 2020); 48,569 employees (2020)",2020,https://naicslist.com/naics/238190,unverified,unverified,3,0,0,3,0,3,unverified (ad libraries blocked),searched (partial: search budget exhausted mid-batch),"238190 is 'Other Foundation, Structure and Building Exterior Contractors' and includes non-repair work; foundation-repair-specific count unverified."
16,Flooring & tile contractors,238330,23,"Square-foot quotes, material takeoffs, install scheduling",3,"13,108 companies verified active (siccode); 77,869 employees",n.d.,https://siccode.com/naics-code/238330/flooring-contractors,unverified,unverified,9,0,0,2,0,3,unverified (ad libraries blocked),searched (partial: search budget exhausted mid-batch),Census/IBISWorld establishment count not retrieved before search budget ran out. Tile contractors are NAICS 238340 (not searched).
17,Glass & glazing contractors,238150,23,"Measure, order, install cycles; commercial storefront bids",3,"1,317 companies verified active (siccode); 60,592 employees",n.d.,https://siccode.com/naics-code/238150/glass-glazing-contractors,unverified,unverified,4,1,0,1,0,2,unverified (ad libraries blocked),searched (partial: search budget exhausted mid-batch),siccode 'verified active' count looks low relative to its employee figure; treat as weak. IBISWorld page https://www.ibisworld.com/classifications/naics/238150/glass-and-glazing-contractors/ appeared in results but count not shown in snippet.
18,Deck & patio builders,236118,23,"Permit drawings, material takeoffs, seasonal backlog",3,unverified (search budget exhausted before this check),unverified,unverified,unverified,unverified,5,0,0,4,0,3,unverified (ad libraries blocked),searched (partial: search budget exhausted mid-batch),Search budget exhausted before establishment-count query for 236118 / deck & patio construction.
19,Hardscape & retaining wall contractors,238140,23,"Design/quote, material tonnage, weather scheduling",3,unverified (search budget exhausted before this check),unverified,unverified,unverified,unverified,5,0,0,2,0,3,unverified (ad libraries blocked),searched (partial: search budget exhausted mid-batch),Search budget exhausted before establishment-count query for 238140 masonry contractors.
20,Window treatment (blinds & shades) installers,238390,23,"In-home measure, vendor orders, install appointments",3,unverified (search budget exhausted before this check),unverified,unverified,unverified,unverified,6,0,0,1,0,2,unverified (ad libraries blocked),searched (partial: search budget exhausted mid-batch),Search budget exhausted before establishment-count query for 238390.
21,Irrigation & lawn sprinkler contractors,238220,23,"Spring start-up/winterization routes, backflow tests, zone repairs",3,2425,2024,https://www.ibisworld.com/united-states/number-of-businesses/lawn-sprinkler-installation-contractors/6488/,unverified,unverified,9,1,5,5,2,7,unverified (ad libraries blocked),searched (partial: search budget exhausted mid-batch),"IBISWorld 'Lawn Sprinkler Installation Contractors' count; +1.9% vs 2023, +1.5%/yr 2019-2024 (same URL). Broader IBISWorld 'Water Supply & Irrigation Systems' = 45,902 businesses 2026 (https://www.ibisworld.com/industry-statistics/number-of-businesses/water-supply-irrigation-systems-united-states/) but that includes utilities, not contractors."
22,Small residential electrical contractors,238210,23,"Permits/inspections, service calls, flat-rate pricing books",3,55951,unverified,https://siccode.com/naics-code/238210/electrical-contractors-wiring-installation-contractors,unverified,unverified,11,0,3,5,2,8,unverified (ad libraries blocked),searched (partial: search budget exhausted mid-batch),"siccode.com: 55,951 companies verified active in NAICS 238210, est. employment 858,047 (year not shown). Alt: 'approximately 251,789 firms' in electrical contracting per https://northeasternadvisors.com/2026-u-s-electrical-contracting-industry-report/ (2026 report); 'vast majority of operators generating under $2 million in annual revenue' (same URL). IBISWorld Electricians page exists: https://www.ibisworld.com/united-states/number-of-businesses/electricians/189/ (count not in snippet)."
23,HVAC contractors,238220,23,"Maintenance agreements, dispatch, EPA/permit paperwork",2,120461,2026,https://www.ibisworld.com/united-states/number-of-businesses/heating-air-conditioning-contractors/1945/,unverified,unverified,11,1,2,4,0,6,unverified (ad libraries blocked),searched (partial: search budget exhausted mid-batch),"IBISWorld: 120,461 HVAC contractor businesses 2026 (+1.7% vs 2025); 118,433 in 2025. 'about 70% of the firms are independents with fewer than 10 employees' per https://www.withorbital.com/data/hvac-industry-statistics/ (not a <20-employee share). NAICS 238220 as a whole: 88,738 companies, employment 1,028,117 per https://siccode.com/naics-code/238220/plumbing-heating-air-conditioning-contractors"
24,Plumbing contractors,238220,23,"Dispatch, permits, flat-rate quoting, water-heater warranties",2,129000,2026,https://www.simprogroup.com/blog/plumbing-industry-statistics-2026,unverified,unverified,8,3,3,5,2,7,unverified (ad libraries blocked),searched (partial: search budget exhausted mid-batch),"Simpro blog citing IBISWorld: 'approximately 129,000' plumbing businesses 2026; other IBISWorld-citing sources say ~132,000 (https://www.linxup.com/blog/plumbing-statistics). Revenue $191.4B 2026 (Simpro URL). NAICS 238220 shared with HVAC: 88,738 companies per siccode.com."
25,Handyman services,236118,23,"Small-job quoting, scheduling, parts runs",3,528883,2026,https://www.ibisworld.com/united-states/number-of-businesses/handyman-services/4069/,unverified,unverified,1,0,1,1,0,2,unverified (ad libraries blocked),searched (partial: search budget exhausted mid-batch),"IBISWorld: 528,883 handyman businesses 2026 (+0.2% vs 2025; +1.1%/yr 2021-2026). Market size $365.4B 2026 per https://www.ibisworld.com/united-states/market-size/handyman-services/4069/ (derived avg ≈ $691K revenue/business — derived, not a reported figure)."
26,Cabinet & countertop fabricators/installers,337110,23,"Templating, shop scheduling, install dates, deposits",3,11914,unverified,https://siccode.com/naics-code/337110/wood-kitchen-cabinet-countertop-manufacturing,unverified,unverified,0,0,0,0,0,0,unverified (ad libraries blocked),searched (partial: search budget exhausted mid-batch),"siccode.com: 11,914 companies verified active in NAICS 337110, est. employment 89,798 (year not shown). Installers coded elsewhere (238350) not counted. Search budget exhausted before tool research for this niche."
27,Epoxy & garage floor coating contractors,238330,23,"Square-foot quotes, cure-time scheduling, one-day installs",3,"13,108 companies (NAICS 238330 flooring contractors, broader than epoxy)",unverified,https://siccode.com/naics-code/238330/flooring-contractors,unverified,unverified,7,0,3,5,0,0,unverified (ad libraries blocked),searched (follow-up slice0),No epoxy/coating-specific count found in results; siccode figure is the whole flooring-contractor code. A search for concrete-coating contractor counts returned only company sites.
28,Artificial turf & sports court installers,238990,23,"Site measure, material orders, crew scheduling",3,"37,952 establishments (37,500 businesses)",2020,https://siccode.com/naics-code/238990/specialty-trade-contractors,unverified,unverified,5,1,3,5,0,0,unverified (ad libraries blocked),searched (follow-up slice1),"NAICS 238990 = all other specialty trade contractors; turf/sports-court installers are an unquantified subset. Same page also lists 46,275 companies 'verified active' (undated). No turf-specific US count found."
29,Home inspectors,541350,54,"Report writing to state SOP, scheduling with agents, E&O paperwork",3,30732,2026,https://www.ibisworld.com/united-states/number-of-businesses/building-inspectors/1405,unverified,unverified,0,0,0,1,0,1,unverified (ad libraries blocked),searched (partial: search budget exhausted mid-batch),"IBISWorld 'Building Inspectors' 30,732 businesses 2026 (+0.4% vs 2025). 'vast majority operating as solo or two-inspector firms that bill 250 to 600 inspections per year' per https://rapideyeinspections.com/research/home-inspection-industry-statistics/ . Search budget exhausted before tool research."
30,Elevator inspection & maintenance contractors,238290,23,"State-mandated inspection cycles, certificates, AHJ filings",3,32787,2026,https://www.ibisworld.com/industry-statistics/number-of-businesses/elevator-installation-service-united-states/,unverified,unverified,0,0,0,0,0,0,unverified (ad libraries blocked),searched (partial: search budget exhausted mid-batch),"IBISWorld 'Elevator Installation & Service' 32,787 businesses 2026 (+2.0% vs 2025; +3.1%/yr 2021-2026). Search budget exhausted before tool research."
31,Tree service & arborists,561730,56,"Estimates, crane/crew scheduling, ISA/permit paperwork",3,175035,2025,https://www.ibisworld.com/united-states/number-of-businesses/tree-trimming-services/6064/,unverified,unverified,8,0,5,4,2,8,unverified (ad libraries blocked),searched (partial: search budget exhausted mid-batch),"IBISWorld Tree Trimming Services: 175,035 businesses (2025, +6.1%); same page showed 165,007 for 2024. Conflicting IBISWorld industry-page figure of 19,929 operators (https://www.ibisworld.com/united-states/industry/tree-trimming-services/6064/) likely reflects different methodology. IBISWorld describes low market share concentration; Asplundh largest."
32,Lawn care & landscape maintenance,561730,56,"Weekly routes, per-visit invoicing, seasonal contracts",3,692777,2025,https://www.ibisworld.com/united-states/number-of-businesses/landscaping-services/1497/,unverified,unverified,7,0,6,4,2,8,unverified (ad libraries blocked),searched (partial: search budget exhausted mid-batch),"IBISWorld Landscaping Services: 692,777 businesses (2025, +4.8%), 1,474,642 employees, $188.8B. naics.com shows 76,769 verified-active companies in NAICS 561730 (https://www.naics.com/what-is-naics-561730-full-description-and-statistics/). Lawnstarter cites 2023 Census: 117,969 employer companies + ~517,000 sole proprietors; typical firm 2-3 employees (https://www.lawnstarter.com/blog/statistics/lawn-care-landscaping-statistics-2026/)."
33,Lawn fertilization & weed control route businesses,561730,56,"Program scheduling, pesticide application records, state applicator licenses",3,117969,2023,https://www.lawnstarter.com/blog/statistics/lawn-care-landscaping-statistics-2026/,unverified,unverified,5,0,4,4,2,8,unverified (ad libraries blocked),searched (partial: search budget exhausted mid-batch),"No niche-specific establishment count found; figure is NAICS 561730 employer companies (2023 Census as cited by Lawnstarter) plus ~517,000 sole-proprietor firms. Fert/weed-control route operators are a subset; subset count unverified."
34,Snow removal contractors,561790,56,"Storm dispatch, per-push/seasonal contracts, slip-and-fall logs",3,114244,2025,https://www.ibisworld.com/united-states/number-of-businesses/snowplowing-services/5400/,unverified,unverified,4,0,3,4,2,8,unverified (ad libraries blocked),searched (partial: search budget exhausted mid-batch),"IBISWorld Snowplowing Services: 114,244 businesses (2025, +2.8%); 111,177 in 2024; market $23.0B (2025). Snippet describes the industry as highly fragmented, local operators."
35,Pressure washing & exterior cleaning,561790,56,"Square-foot quoting, route scheduling, recurring commercial contracts",3,34186,2025,https://www.ibisworld.com/united-states/number-of-businesses/pressure-washing-services/6538/,unverified,unverified,12,0,6,5,2,7,unverified (ad libraries blocked),searched (partial: search budget exhausted mid-batch),"IBISWorld Pressure Washing Services: 34,186 enterprises (2025, +6.19%); 32,193 in 2024; 5.8%/yr growth 2019-2024."
36,Window cleaning,561720,56,"Pane-count quotes, recurring routes, commercial invoicing",3,35344,2024,https://www.ibisworld.com/united-states/number-of-businesses/window-washing/6458/,unverified,unverified,4,0,3,4,2,8,unverified (ad libraries blocked),searched (partial: search budget exhausted mid-batch),"IBISWorld Window Washing: 35,344 enterprises (2024, -2.56%); CAGR -4.9% 2019-2024. Snippet: highly fragmented, no company >5% share."
37,Pool service & maintenance routes,561790,56,"Weekly route stops, chemical logs, repair upsells",3,78817,2025,https://www.ibisworld.com/united-states/number-of-businesses/swimming-pool-cleaning-services/4832/,unverified,unverified,5,1,3,3,2,7,unverified (ad libraries blocked),searched (partial: search budget exhausted mid-batch),"IBISWorld Swimming Pool Cleaning Services: 78,817 businesses (2025, +4.4%); 2.9%/yr growth 2020-2025. Poolfounder notes true count of pool servicers likely 2-3x (sole props, handymen, landscapers) (https://www.poolfounder.com/pool-service-industry-statistics)."
38,Christmas & holiday light installers,561730,56,"Seasonal quoting, install/takedown scheduling, storage",3,16041,2024,https://homeservicebase.com/christmas-light-business,unverified,unverified,4,1,2,2,2,6,unverified (ad libraries blocked),searched (partial: search budget exhausted mid-batch),"No NAICS-level count exists. Home Service Base census: 16,041 companies / 11,404 websites / 17,493 Google Business Profiles across 1,907 cities (2024; +11.11% websites 2023-2024). CLIPA association cited at 8,000+ members (same result set)."
39,Stump grinding & land clearing,238910,56,"Per-stump quotes, equipment scheduling, 811 locates",3,38839,2020,https://www.insurancexdate.com/naics/238910,unverified,unverified,5,1,4,4,2,8,unverified (ad libraries blocked),searched (partial: search budget exhausted mid-batch),"Search summary for NAICS 238910 cited 2020 Census: 38,433 businesses / 38,839 establishments; a second figure of 43,539 establishments (year unverified) and First Research ~35,000 establishments / ~$100B revenue (https://www.firstresearch.com/Industry-Research/Site-Preparation-Contractors.html). Exact result page for the 38,839 figure inferred from result set (verify). Stump grinding itself is classed by IBISWorld under Tree Trimming Services (175,035 businesses 2025)."
40,Chimney sweeps & chimney repair,561790,56,"Level-2 inspection reports, seasonal routes, CSIA paperwork",3,6313,2024,https://www.ibisworld.com/united-states/market-research-reports/fireplace-services-industry/,unverified,unverified,2,0,1,2,2,5,unverified (ad libraries blocked),searched (partial: search budget exhausted mid-batch),"IBISWorld Fireplace Services (includes chimney sweeping): 6,313 businesses, CAGR -6.3% 2019-2024. Home Service Base census counts 8,241 chimney companies across 1,907 cities (https://homeservicebase.com/chimney-sweep-business)."
41,Residential cleaning & maid services,561720,56,"Recurring scheduling, cleaner assignment, quotes by sq ft",3,356516,2024,https://www.ibisworld.com/united-states/number-of-businesses/residential-cleaning-services/6542/,unverified,unverified,7,1,0,2,0,3,unverified (ad libraries blocked),searched (partial: search budget exhausted mid-batch),"IBISWorld Residential Cleaning Services (industry 6542) count; NAICS 561720 as a whole: siccode lists 28,445 companies verified as active (https://siccode.com/naics-code/561720/janitorial-services), year not shown. Share <20 employees not surfaced in any result."
42,Commercial janitorial companies,561720,56,"Bid walkthroughs, night-shift scheduling, inspection checklists",3,1264367,2026,https://www.ibisworld.com/united-states/number-of-businesses/janitorial-services/1496/,unverified,unverified,2,5,1,2,0,3,unverified (ad libraries blocked),searched (partial: search budget exhausted mid-batch),"IBISWorld Janitorial Services (industry 1496) count, +2.4% vs 2025, market size $112.4bn 2026 per same result set. Alternative: siccode 28,445 companies verified as active in NAICS 561720 (https://siccode.com/naics-code/561720/janitorial-services), year not shown; census profile exists at https://data.census.gov/profile/561720_-_Janitorial_services?n=561720 but figures not in snippet."
43,Carpet & upholstery cleaning,561740,56,"Room-count quoting, route scheduling, reminders",3,41611,2026,https://www.ibisworld.com/united-states/number-of-businesses/carpet-cleaning/1498/,unverified,unverified,8,0,0,2,0,2,unverified (ad libraries blocked),searched (partial: search budget exhausted mid-batch),"IBISWorld Carpet Cleaning (industry 1498): 41,611 in 2026 (+1.6%), 38,989 in 2024. siccode lists 13,499 companies verified as active in NAICS 561740 with est. 38,080 employees (https://siccode.com/naics-code/561740/carpet-upholstery-cleaning-services), year not shown."
44,Pest control operators,561710,56,"Recurring service routes, pesticide-use records, state reporting",3,33197,2025,https://www.ibisworld.com/united-states/number-of-businesses/pest-control/1495/,unverified,unverified,1,3,0,2,0,2,unverified (ad libraries blocked),searched (partial: search budget exhausted mid-batch),"IBISWorld Pest Control (industry 1495): 33,197 in 2025 (+4.5%), 34,076 in 2026. A result summary also cited 2020 Census figures of 13,498 businesses / 15,802 establishments in NAICS 561710 (result set incl. https://naicslist.com/naics/561710; exact page attribution uncertain) and siccode 18,490 companies verified as active (https://siccode.com/naics-code/561710/exterminating-pest-control-services)."
45,Wildlife removal & nuisance animal control,561710,56,"Trap-check scheduling, state permits, exclusion quotes",3,"18,490 companies verified active (NAICS 561710 pest control incl. wildlife; no wildlife-only count found)",unverified,https://siccode.com/naics-code/561710/exterminating-pest-control-services,unverified,unverified,4,1,4,5,0,1,unverified (ad libraries blocked),searched (follow-up slice2),Count is for the whole pest-control code; attribution among result set (insurancexdate.com/naics/561710 or siccode). Trade body NWCOA (nwcoa.com).
46,Mosquito & bird control services,561710,56,"Seasonal route programs, application logs, renewals",3,"18,490 companies verified active (NAICS 561710, all pest control)",2025,https://siccode.com/naics-code/561710/exterminating-pest-control-services,unverified,unverified,9,0,4,5,0,2,unverified (ad libraries blocked),searched (follow-up slice3),"Whole NAICS 561710 (exterminating & pest control); mosquito/bird subset not broken out. Other figures: 2020 Census 13,498 businesses / 15,802 establishments (naics.com https://www.naics.com/naics-code-description/?code=561710, attribution among result set); IBISWorld 34,076 businesses 2026 (https://www.ibisworld.com/united-states/number-of-businesses/pest-control/1495/)."
47,Junk removal,562119,56,"Volume-based quoting, truck dispatch, dump tickets",3,6046,unverified,https://siccode.com/naics-code/562119/waste-collection,unverified,unverified,0,3,0,1,0,1,unverified (ad libraries blocked),searched (partial: search budget exhausted mid-batch),"siccode lists 6,046 companies verified as active in NAICS 562119 (est. 8,820 employees); year not shown. A result summary attributed to IBISWorld cited 8,607 companies in junk removal and waste industries and IBISWorld Waste Collection Services 20,916 businesses as of 2024 (https://www.ibisworld.com/industry-statistics/number-of-businesses/waste-collection-services-united-states); another source cited ~11,000 firms (https://homeservicebase.com/junk-removal-business, unverified page attribution)."
48,Roll-off dumpster rental,562111,56,"Container tracking, drop/pickup scheduling, tonnage billing",3,351,2025,https://www.ibisworld.com/united-states/number-of-businesses/dumpster-rental/5837/,unverified,unverified,1,3,0,1,0,1,unverified (ad libraries blocked),searched (partial: search budget exhausted mid-batch),"IBISWorld Dumpster Rental (industry 5837): 351 businesses as of 2025 (+3.8%), an older figure of 232 was cited in secondary sources. This IBISWorld definition appears narrow relative to NAICS 562111 (no NAICS-level establishment count surfaced)."
49,Portable toilet rental,562991,56,"Unit tracking, weekly service routes, event orders",3,3489,2025,https://www.ibisworld.com/united-states/number-of-businesses/portable-toilet-rental/4716/,unverified,unverified,1,2,0,1,0,1,unverified (ad libraries blocked),searched (partial: search budget exhausted mid-batch),"IBISWorld Portable Toilet Rental (industry 4716): 3,489 in 2025 (+2.6%), 3.6%/yr growth 2020-2025. Combined Portable Toilet Rental & Septic Tank Cleaning: 5,579 (2020-2025 CAGR 3.0%) per same result; 5,586 as of 2025 per https://www.ibisworld.com/united-states/number-of-businesses/portable-toilet-rental-septic-tank-cleaning/1519."
50,Septic pumping & grease trap services,562991,56,"Pump-out scheduling, manifests, county disposal reporting",3,3274,unverified,https://siccode.com/naics-code/562991/septic-tank-services,unverified,unverified,0,3,0,1,0,1,unverified (ad libraries blocked),searched (partial: search budget exhausted mid-batch),"siccode lists 3,274 companies verified as active in NAICS 562991 (est. 26,121 employees), year not shown. IBISWorld Septic, Drain & Sewer Cleaning Services: 7,338 businesses as of 2024 (https://www.ibisworld.com/united-states/number-of-businesses/septic-drain-sewer-cleaning-services/4710/)."
51,"Mold, asbestos & lead abatement contractors",562910,56,"Notifications to state, air-clearance reports, disposal manifests",3,5576,2020,https://siccode.com/naics-code/562910/remediation-services,unverified,unverified,8,0,0,1,0,2,unverified (ad libraries blocked),searched (partial: search budget exhausted mid-batch),"Count is for all of NAICS 562910 (Remediation Services), not abatement alone. Same source: 4,546 businesses and 85,937 employees in 2020 (US Census via siccode.com)."
52,Water & fire damage restoration contractors,236118,23,"Xactimate estimates, moisture logs, insurance adjuster paperwork",3,60020,2026,https://www.ibisworld.com/united-states/number-of-businesses/damage-restoration-services/6278/,unverified,unverified,0,7,0,0,0,0,unverified (ad libraries blocked),searched (partial: search budget exhausted mid-batch),"IBISWorld 'Damage Restoration Services' count (industry 6278), market size $7.1B in 2026 (https://www.ibisworld.com/united-states/market-size/damage-restoration-services/6278/). NAICS 236118 Residential Remodelers reported at 128,187 establishments (https://eyeonhousing.org/2025/07/residential-remodelers-outnumber-single-family-builders-in-the-u-s/) but that code is far broader than restoration."
53,"Crime scene, biohazard & hoarding cleanup",562910,56,"OSHA/bloodborne compliance, disposal manifests, insurance billing",3,5576,2020,https://siccode.com/naics-code/562910/remediation-services,unverified,unverified,0,0,0,0,0,0,unverified (ad libraries blocked),searched (partial: search budget exhausted mid-batch),NAICS-level aggregate only (all of 562910); no niche-specific count found. unverified (not searched: session WebSearch budget exhausted after 7 calls)
54,Radon mitigation contractors,562910,56,"Test results, state certification, post-mitigation reports",3,5576,2020,https://siccode.com/naics-code/562910/remediation-services,unverified,unverified,0,0,0,0,0,0,unverified (ad libraries blocked),searched (partial: search budget exhausted mid-batch),NAICS-level aggregate only (all of 562910); no niche-specific count found. unverified (not searched: session WebSearch budget exhausted after 7 calls)
55,Commercial kitchen exhaust hood cleaning,561790,56,"NFPA 96 frequency scheduling, before/after photos, certificates",3,"2,851 (parent NAICS 561790, all 'other services to buildings and dwellings'; not hood-cleaning-specific)",unverified,https://siccode.com/naics-code/561790/services-buildings-dwellings,unverified,unverified,8,0,3,4,0,0,unverified (ad libraries blocked),searched (follow-up slice4),"No hood-cleaning-specific establishment count surfaced; only market-size reports (imarcgroup, wiseguyreports). IKECA has ~500 members worldwide (https://www.linkedin.com/company/ikeca) or ~250 (https://www.cleaningprosplus.com/blog/ikeca-membership-why-it-matters/). HOODZ franchise: 100+ locations (https://hoodzfranchise.com/), est. 135 units (https://www.franchisedirect.com/businessservicesfranchise/hoodz-franchise-08257/ufoc/). Industry 'not regulated in most states' (https://gaolijierobot.com/blogs/news/how-to-start-kitchen-exhaust-cleaning-business-guide-2026). Searches: 12."
56,Air duct & dryer vent cleaning,561790,56,"Quotes, route scheduling, NADCA paperwork",3,"16,597 establishments",2020,https://www.insurancexdate.com/naics/561790,unverified,unverified,8,0,4,5,0,0,unverified (ad libraries blocked),searched (follow-up slice5),"NAICS 561790 (Other Services to Buildings and Dwellings) is broader than duct/dryer-vent cleaning (also chimney, gutter, pool, exterior cleaning). Another source in the same result set gives 2,851 active companies (attribution uncertain). No Census employment-size split surfaced."
57,Backflow prevention testing companies,238220,23,"Annual test scheduling, water-purveyor report submission, gauge calibration",3,"111,200 (NAICS 238220 plumbing/HVAC contractors; backflow-only subset unverified)",2023,https://www.ibisworld.com/classifications/naics/238220/plumbing-heating-and-air-conditioning-contractors/,unverified,unverified,8,0,3,3,0,0,unverified (ad libraries blocked),"searched (follow-up batch 17, 2026-09-17)","Alt count 88,738 active companies https://www.naics.com/naics-code-description/?code=238220 . Bizbite says backflow testing firms typically 5-20 employees https://bizbite.io/businesses/backflow-testing . Utilities mandate portal submission (BSI Online, SwiftComply, Tokay) with per-test filing fees."
58,Fire extinguisher & fire alarm inspection companies,561621,56,"Tag/inspection cycles, AHJ reports, deficiency quotes",3,unverified,unverified,https://www.ibisworld.com/united-states/industry/fire-protection-and-security-system-installation-contractors/6486/,unverified,unverified,8,0,5,5,0,0,unverified (ad libraries blocked),"searched (follow-up batch 17, 2026-09-17)","No establishment number surfaced for 561621. IBISWorld: fire protection & security system installation contractors 'highly fragmented, no company >5% share' (same URL)."
59,"Environmental testing labs (asbestos, lead, water)",541380,54,"Chain-of-custody, accreditation paperwork, report turnaround",3,"4,130 active companies (NAICS 541380)",unverified,https://siccode.com/naics-code/541380/testing-laboratories-services,unverified,unverified,8,0,3,5,0,0,unverified (ad libraries blocked),searched (follow-up slice6),"Whole-NAICS count (all testing labs, not only environmental). Employment 137,298 per same result. IBISWorld Laboratory Testing Services market $33.6bn 2025, low concentration (https://www.ibisworld.com/united-states/number-of-businesses/laboratory-testing-services/1408/); count itself not in snippet."
60,Document shredding services,561990,56,"Route scheduling, certificates of destruction, bin tracking",3,unverified,unverified,unverified,unverified,unverified,6,0,2,2,0,0,unverified (ad libraries blocked),searched (follow-up slice0),"A search summary said the US has 'more than 3,000 professional document shredding companies' but the figure could not be attributed to a specific result URL, so it is recorded as unverified. i-SIGMA states it enforces standards for 'more than 2,000 information destruction providers internationally' (https://isigmaonline.org/). NAICS 561990 is a catch-all code; no shredding-specific establishment count was found."
61,Security guard companies,561612,56,"Post scheduling, guard licensing, incident reports, payroll",3,"5,373 companies verified active (752,130 employees)",unverified,https://siccode.com/naics-code/561612/security-guards-patrol-services,unverified,unverified,6,0,3,4,0,0,unverified (ad libraries blocked),searched (follow-up slice1),siccode 'verified active' count is undated and far below Census-style counts; no Census establishment figure surfaced in results.
62,Locksmiths,561622,56,"Dispatch, key/code records, invoicing",3,"4,030 establishments (3,952 businesses); also 8,316 active companies per SICCODE; IBISWorld 29,620 businesses (2026)",2020,https://naicslist.com/naics/561622,unverified,unverified,8,0,3,4,0,0,unverified (ad libraries blocked),searched (follow-up slice2),IBISWorld: median shop 1-3 employees (https://www.ibisworld.com/united-states/industry/locksmiths/4833/; attribution among thekeybot.com/ibisworld in result set). SICCODE count: https://siccode.com/naics-code/561622/locksmiths
63,Private investigators,561611,56,"Case files, surveillance logs, billing by hour",3,"5,357 companies verified active (NAICS 561611)",unverified,https://siccode.com/naics-code/561611/investigation-services,unverified,unverified,8,0,3,5,0,0,unverified (ad libraries blocked),searched (follow-up slice3),"An earlier result set for the same code returned 10,290 establishments with unclear attribution (census.gov/naics.com); siccode figure used as primary. IBISWorld 2022 via gitnux: 85% of PI agencies employ <10 people (https://gitnux.org/private-investigator-industry-statistics/), not a Census <20-employee share."
64,Court reporting agencies,561492,56,"Deposition scheduling, transcript production, invoicing",3,"2,342",unverified,https://siccode.com/naics-code/561492/court-reporting-stenotype-services,unverified,unverified,6,0,3,4,0,0,unverified (ad libraries blocked),searched (follow-up slice4),"siccode: 2,342 companies verified active, est. 12,439 employees. IBISWorld: highly fragmented, no company >5% share (https://www.ibisworld.com/united-states/industry/court-reporting-services/6271/). Veritext 14% / Esquire 11% global share claims appear in third-party market reports (https://www.psmarketresearch.com/market-analysis/us-court-reporting-services-market). Searches: 9."
65,Process servers,541199,54,"Serve attempts, affidavits of service, court filing",3,"3,208 companies",unverified,https://www.insurancexdate.com/naics/541199,unverified,unverified,3,0,2,4,0,0,unverified (ad libraries blocked),searched (follow-up slice5),"NAICS 541199 (All Other Legal Services) also covers notaries, paralegals and patent agents; Veridion count of 94,565 in the same result set is a broader database. Zippia result reports 8,973 process servers employed in the US (https://www.zippia.com/process-server-jobs/best-companies-for-process-servers/); NAPPS has 2,000+ members (https://napps.org/inside_about.aspx)."
66,Notaries & loan signing agents,541120,54,"Signing appointments, journals, invoicing signing services",3,"2,896 companies (NAICS 54112); ~4.4 million commissioned notaries (NNA)",unverified,https://www.naics.com/naics-code-description/?code=541120,unverified,unverified,8,0,4,3,0,0,unverified (ad libraries blocked),"searched (follow-up batch 17, 2026-09-17)","4.4M notaries figure from NNA via https://www.nationalnotary.org/ ; Snapdocs network 140,000+ notaries https://www.snapdocs.com/notaries . Most signing agents are solo 1099 operators."
67,Bail bond agencies,812990,81,"Court-date tracking, collateral records, state reporting",3,"20,886 businesses",2025,https://www.ibisworld.com/united-states/number-of-businesses/bail-bond-services/5002/,unverified,unverified,9,0,4,5,0,0,unverified (ad libraries blocked),searched (follow-up slice6),"IBISWorld Bail Bond Services, +1.4% vs 2024; market $3.5bn 2025 (https://www.ibisworld.com/united-states/market-size/bail-bond-services/5002/). NAICS 812990 whole-code count 18,223 companies (https://siccode.com/naics-code/812990/) covers many other personal services."
68,Translation & interpreting agencies,541930,54,"Job quoting, linguist scheduling, invoicing",3,"3,329 companies (36,469 employees)",unverified,https://siccode.com/naics-code/541930/translation-interpretation-services,unverified,unverified,8,0,5,4,0,0,unverified (ad libraries blocked),searched (follow-up slice0),IBISWorld number-of-businesses page exists (https://www.ibisworld.com/united-states/number-of-businesses/translation-services/1446/) but the count was not shown in results.
69,Light-industrial staffing agencies,561320,56,"Shift filling, onboarding paperwork, timesheets, I-9/W-4",3,"3,615 companies verified active (3,849,377 employees)",unverified,https://siccode.com/naics-code/561320/temporary-help-services,unverified,unverified,5,0,0,4,0,0,unverified (ad libraries blocked),searched (follow-up slice1),NAICS 561320 = all temporary help services; light-industrial agencies are an unquantified subset. Count is undated 'verified active'.
70,DOT / trucking compliance consultants,541618,54,"Driver qualification files, drug-testing programs, audits",3,"11,419 (all of NAICS 541618; DOT-consultant subset unverified)",2020,https://www.item.com/naics/541618,unverified,unverified,8,0,5,3,0,0,unverified (ad libraries blocked),"searched (follow-up batch 17, 2026-09-17)","Alt: 39,551 active companies https://www.naics.com/naics-code-description/?code=541618 . No count of DOT-specific consultants found; FMCSA process-agent listings show many one-person shops."
71,Bookkeeping practices,541219,54,"Monthly close, document chasing, client onboarding",3,"45,775 establishments (44,726 businesses); 237,275 employees",2020,https://naicslist.com/naics/541219,unverified,unverified,6,1,6,4,0,0,unverified (ad libraries blocked),searched (follow-up slice2),"NAICS 541219 = Other Accounting Services (bookkeeping, billing, non-CPA accounting). 2016 IBISWorld excerpt: ~85% of enterprises sole proprietors/partnerships with <10% of revenue (https://pdfcoffee.com/payroll-amp-bookkeeping-services-in-the-us-industry-report-from-ibis-world-pdf-free.html) - not an employee-size share."
72,Tax preparation offices,541213,54,"Seasonal intake, document collection, e-file",3,"33,431 companies verified active (NAICS 541213)",unverified,https://siccode.com/naics-code/541213/tax-preparation-services,unverified,unverified,8,0,3,4,0,0,unverified (ad libraries blocked),searched (follow-up slice3),"Employment 184,480 (same source). IBISWorld counts 127,121 tax preparation businesses in 2026 incl. nonemployers (https://www.ibisworld.com/united-states/number-of-businesses/tax-preparation-services/1399/)."
73,Medical billing companies,541219,54,"Claims scrubbing, denials follow-up, payer portals",3,"over 3,000 (medical billing services firms)",unverified,https://verticaliq.com/product/medical-billing-services/,unverified,unverified,6,0,5,5,0,0,unverified (ad libraries blocked),searched (follow-up slice4),"Vertical IQ: over 3,000 medical billing services firms under NAICS 541219; siccode lists 20,070 companies for all of 541219 (https://siccode.com/naics-code/541219-01/billing-service). IBISWorld Medical Claims Processing Services: 3,735 businesses, low concentration (https://www.ibisworld.com/united-states/industry/medical-claims-processing-services/4792/); Medical Billing Services $4.3bn 2024, -2.5% CAGR 2019-24 (https://www.ibisworld.com/united-states/industry/medical-billing-services/6341/). Searches: 10."
74,Land surveyors,541370,54,"Plat filings, quotes, deed research",3,"6,191 active companies",unverified,https://siccode.com/naics-code/541370/surveying-mapping,unverified,unverified,6,0,3,5,0,0,unverified (ad libraries blocked),searched (follow-up slice5),"siccode figure cites Census NAICS 2022 data, 54,324 employees. IBISWorld counts 17,353 Surveying & Mapping Services businesses in 2024 (https://www.ibisworld.com/industry-statistics/number-of-businesses/surveying-mapping-services-united-states/). IBISWorld: firms under $1M revenue are over 70% of the industry (https://www.ibisworld.com/united-states/industry/surveying-mapping-services/1407/)."
75,Real estate appraisers,531320,53,"Order intake, comps, USPAP report forms",3,"43,802 businesses",2024,https://www.ibisworld.com/united-states/number-of-businesses/real-estate-appraisal/1359/,unverified,unverified,9,0,3,3,0,0,unverified (ad libraries blocked),searched (follow-up slice6),"IBISWorld Real Estate Appraisal (+0.6% 2024). NAICS 531320 verified-active companies 5,933, employment 36,098 (https://siccode.com/naics-code/531320/offices-real-estate-appraisers). Market $10.3bn 2026, -4.6% CAGR 2021-26 (https://www.ibisworld.com/industry-statistics/market-size/real-estate-appraisal-united-states/)."
76,Small residential property managers,531311,53,"Rent collection, maintenance dispatch, lease paperwork",3,"55,347 establishments; 39,462 businesses",2020,https://www.naics.com/naics-code-description/?code=531311,unverified,unverified,9,0,9,5,0,0,unverified (ad libraries blocked),searched (follow-up slice0),Search summary attributed the 2020 Census counts to the naics.com / insurancexdate.com result set; exact page uncertain (alt: https://www.insurancexdate.com/naics/531311). IBISWorld counts 340k businesses in the broader Property Management industry (https://www.ibisworld.com/united-states/industry/property-management/1356/).
77,Independent insurance agencies,524210,52,"Renewals, certificates of insurance, carrier portals",3,"135,939 establishments (122,552 businesses)",2020,https://siccode.com/naics-code/524210/insurance-agencies-brokerages,unverified,unverified,7,0,1,3,0,0,unverified (ad libraries blocked),searched (follow-up slice1),"NAICS 524210 includes captive and large brokers. Independent P&C agencies: 39,000 in 2024 (down from 40,000 in 2022) per Big I Agency Universe Study https://www.iamagazine.com/news/7-findings-from-the-2024-agency-universe-study/ ; ~30,000 of them earn <$1.25M revenue https://www.insurancebusinessmag.com/us/news/breaking-news/independent-pandc-insurance-agencies-in-the-us--how-are-they-doing-507443.aspx"
78,Mortgage brokers,522310,52,"Document collection, disclosures, lender submissions",3,unverified,unverified,unverified,unverified,unverified,6,1,6,5,0,0,unverified (ad libraries blocked),searched (follow-up slice2),"No NAICS 522310 count appeared in results (only '253 companies' from an old database, discarded). IBISWorld Online Mortgage Brokers segment: 934 businesses 2025 (https://www.ibisworld.com/industry-statistics/number-of-businesses/online-mortgage-brokers-united-states); IBISWorld Loan Brokers US market $9.1bn 2026 (https://www.ibisworld.com/united-states/market-size/loan-brokers/1302/)."
79,Title & escrow agencies,541191,54,"Title search, closing scheduling, disbursement",3,"8,286 companies verified active (NAICS 541191)",unverified,https://siccode.com/naics-code/541191/title-abstract-settlement-offices,unverified,unverified,8,0,3,4,0,0,unverified (ad libraries blocked),searched (follow-up slice3),"Employment 65,200 (same source). IBISWorld Title Insurance counts 1,027 businesses 2025 (underwriters+agents; https://www.ibisworld.com/united-states/number-of-businesses/title-insurance/4784/)."
80,Home energy auditors / HERS raters,541690,54,"Field data collection, modeling reports, utility rebate forms",3,unverified,unverified,unverified,unverified,unverified,7,0,5,2,0,0,unverified (ad libraries blocked),searched (follow-up slice4),"No count of rating companies found. Nearly 6,600 active certified HERS raters nationwide (https://www.gba.org/resources/professional-accreditation/certified-hers-rater/). Ekotrope says 220+ HERS rating companies use it and it runs nearly 80% of all HERS ratings (https://www.ekotrope.com/hers-ratings). RESNET registry is the authoritative list (https://www1.resnet.us/registry/). Searches: 11."
81,Towing companies,488410,48,"Dispatch, impound lot paperwork, motor-club billing",3,"10,119 establishments (9,860 businesses)",2020,https://www.insurancexdate.com/naics/488410,unverified,unverified,7,0,2,3,0,1,unverified (ad libraries blocked),searched (follow-up slice5),"siccode reports 14,156 active companies / 65,318 employees (https://siccode.com/naics-code/488410/motor-vehicle-towing). IBISWorld reports 39,745 automobile towing businesses in 2026 (https://www.ibisworld.com/united-states/industry/automobile-towing/1206/)."
82,Independent auto repair shops,811111,81,"Estimates, parts ordering, appointment scheduling",3,"307,058 businesses",2026,https://www.ibisworld.com/united-states/number-of-businesses/auto-mechanics/1689,unverified,unverified,8,0,4,5,0,1,unverified (ad libraries blocked),searched (follow-up slice6),"IBISWorld Auto Mechanics (+1.2% 2026, CAGR 2.2% 2021-26). NAICS 811111 verified-active companies 97,995 (https://siccode.com/naics-code/811111/automotive-repair); Census 2020 employment 362,616 per same search."
83,Auto body & collision repair shops,811121,81,"Insurance estimates, parts, cycle-time tracking",3,"33,761 companies",unverified,https://siccode.com/naics-code/811121/automotive-body-paint-interior-repair-maintenance,unverified,unverified,7,0,5,3,0,1,unverified (ad libraries blocked),searched (follow-up slice0),"Trade press states fewer than 30,000 body shops today vs >50,000 in the late 1990s (https://www.collisionrepairmag.com/business/article/15738732/rewards-of-scale-and-collision-industry-market-dynamics)."
84,Mobile auto detailing,811192,81,"Booking, route scheduling, package quoting",3,"18,520 establishments (15,640 businesses)",2020,https://siccode.com/naics-code/811192/car-washes,unverified,unverified,6,0,2,5,0,1,unverified (ad libraries blocked),searched (follow-up slice1),"NAICS 811192 = car washes incl. detailing and mobile wash; mobile-detailing subset unquantified. IBISWorld 'Car Wash & Auto Detailing' lists 16,879 businesses in 2026 https://www.ibisworld.com/united-states/number-of-businesses/car-wash-auto-detailing/1695/ ; a third-party page cites IBISWorld 57,900 businesses (2024) https://mkm360autoworks.com/auto-detailing-industry-statistics"
85,Auto glass & windshield replacement,811122,81,"Insurance billing (Safelite network), part lookup, mobile scheduling",3,"3,360 companies verified active; 30,324 employees",unverified,https://siccode.com/naics-code/811122/automotive-glass-replacement-shops,unverified,unverified,8,0,2,3,0,1,unverified (ad libraries blocked),searched (follow-up slice2),"Attribution among siccode/insurancexdate in result set. Market-research statement: 'highly fragmented with approximately 20,000 competitors' (https://www.researchandmarkets.com/report/automotive-glass-replacement)."
86,Independent tire shops,441320,44,"Tire lookup, appointment scheduling, TPMS/registration paperwork",3,"23,069 companies verified active (NAICS 441320)",2021,https://siccode.com/naics-code/441320/tire-dealers-2,unverified,unverified,10,0,3,5,0,1,unverified (ad libraries blocked),searched (follow-up slice3),"IBISWorld Tire Dealers: 26,719 businesses 2026 and 'large number of non-employers and small enterprises with less than five employees' (https://www.ibisworld.com/united-states/industry/tire-dealers/1013/)."
87,Independent used car dealers,441120,44,"Title/DMV paperwork, BHPH collections, inventory listings",3,"38,000+ (NIADA 'represents over 38,000 used vehicle dealers')",unverified,https://en.wikipedia.org/wiki/National_Independent_Automobile_Dealers_Association,unverified,unverified,7,0,6,5,0,1,unverified (ad libraries blocked),searched (follow-up slice4),"siccode shows only 850 verified-active NAICS 441120 companies (https://siccode.com/naics-code/441120/used-car-dealers) - clear undercount vs NIADA. IBISWorld: CarMax 15.4% of industry revenue (https://www.ibisworld.com/united-states/industry/used-car-dealers/1004/); CarMax 10-K: market 'highly fragmented', CarMax ~3.7% of 0-10-year-old vehicles sold 2023, >18,000 franchised dealers (https://www.sec.gov/Archives/edgar/data/1170010/000117001024000034/kmx-20240229.htm). Searches: 12."
88,Car washes,811192,81,"Membership billing, chemical inventory, labor scheduling",3,"19,463 establishments (15,675 firms)",unverified,https://verticaliq.com/product/car-washes/,unverified,unverified,6,0,2,4,0,1,unverified (ad libraries blocked),searched (follow-up slice5),"Vertical IQ result (dated Aug 2026 in summary): 187,600 workers, $16.3B revenue. mmcginvest result cites ~70,000 wash locations including non-NAICS sites (https://www.mmcginvest.com/post/the-us-car-wash-industry-in-2026-the-gold-rush-meets-its-ceiling)."
89,Small engine & outdoor power equipment repair,811411,81,"Work orders, parts lookup, warranty claims to OEMs",3,"1,708 establishments (1,689 businesses)",2020,https://naicscode.com/naics/?naics=811411,unverified,unverified,10,0,2,3,0,1,unverified (ad libraries blocked),searched (follow-up slice6),"Census 2020 figures quoted in the NAICS 811411 search result; a second result lists 2,973 verified-active companies (https://siccode.com/naics-code/811411/home-garden-equipment-repair-maintenance). Servicing dealers (NAICS 444210 Lawn & Outdoor Equipment Stores: 6,638 enterprises 2024, https://www.ibisworld.com/united-states/industry/lawn-outdoor-equipment-stores/1036/) are the larger buyer pool for the same software."
90,Appliance repair,811412,81,"Dispatch, parts ordering, manufacturer warranty claims",3,"5,380 establishments (2020 Census); 13,535 companies (siccode); 37,769 businesses (IBISWorld-derived, 2025)",2020,https://www.insurancexdate.com/naics/811412,unverified,unverified,7,0,6,5,0,1,unverified (ad libraries blocked),searched (follow-up slice0),"Three conflicting counts: 5,380 (insurancexdate, 2020 Census), 13,535 (https://siccode.com/naics-code/811412/appliance-repair-maintenance), 37,769 businesses / $7.0B 2025 cited via https://bozmanfix.com/appliance-repair-statistics/. IBISWorld says 'the overwhelming majority owner-operated with one or two trucks' (same bozmanfix cite)."
91,Small fleet trucking companies (1-20 trucks),484121,48,"IFTA, ELD logs, driver files, load paperwork",3,"over 800,000 active motor carriers with MC numbers (2025); NAICS 484121 establishment count unverified",2025,https://www.truckingdive.com/news/fmcsa-grants-reinstatements-revocations-operating-authority-2025-data/808968/,"97% of carriers operate fewer than 20 trucks (trucks, not employees)",https://www.overdriveonline.com/smallest-carriers-dot-audits-increased-offsite-scrutiny/,8,0,8,4,0,0,unverified (ad libraries blocked),"searched (follow-up batch 17, 2026-09-17)",Also 91.5% operate 10 or fewer trucks (same overdrive URL); 2.09M USDOT-registered carriers incl. private https://getcarrierclear.com/carrier-compliance-report
92,Freight brokers,488510,48,"Load posting, carrier vetting, rate confirmations",2,"21,832 establishments (15,418 businesses; 301,772 employees)",2020,https://siccode.com/naics-code/488510/freight-transportation-arrangement,unverified,unverified,7,0,4,4,0,0,unverified (ad libraries blocked),searched (follow-up slice1),"NAICS 488510 also includes freight forwarders, customs brokers and marine agents. FMCSA licensed-broker count not found in results."
93,Moving companies,484210,48,"Estimates by cubic feet, crew scheduling, bills of lading",3,"9,114 businesses (IBISWorld Moving Services, NAICS 48421)",2025,https://www.ibisworld.com/united-states/number-of-businesses/moving-services/1154/,unverified,unverified,8,0,6,5,0,0,unverified (ad libraries blocked),searched (follow-up slice2),"SICCODE returned an implausible 260 companies (discarded). Average 6.2 employees per business; ~7,000 FMCSA interstate movers + 18,000+ intrastate operators (https://servicebusinessacademy.org/what-software-do-most-moving-companies-use/)."
94,Courier & last-mile delivery companies,492210,49,"Dispatch, proof of delivery, driver settlements",3,"5,362 establishments / 4,786 businesses (NAICS 492210, 2020 Census)",2020,https://www.naics.com/naics-code-description/?code=492210,unverified,unverified,9,0,5,4,0,0,unverified (ad libraries blocked),searched (follow-up slice3),"Attribution of the 2020 figure among the result set (naics.com/naicslist). siccode lists only 671 verified active companies for this code (https://siccode.com/naics-code/492210/local-messengers-local-delivery), likely partial. IBISWorld Couriers & Local Delivery counts 3m businesses 2026 incl. gig drivers (https://www.ibisworld.com/united-states/number-of-businesses/couriers-local-delivery-services/1950/)."
95,School bus contractors,485410,48,"Route planning, driver compliance, district contracts",3,"1,001",unverified,https://siccode.com/naics-code/485410/school-employee-bus-transportation,unverified,unverified,7,0,3,3,0,0,unverified (ad libraries blocked),searched (follow-up slice4),"siccode: 1,001 verified-active companies, est. 238,304 employees (NAICS 485410 includes employee bus transport). Vertical IQ: 20 largest firms ~51% of industry revenue (https://verticaliq.com/product/school-employee-bus-transportation/). School Bus Fleet 2025 survey: private contractors handle 38% of student transportation (https://www.schoolbusfleet.com/articles/the-state-of-school-bus-contracting-2025-survey-results). Searches: 11."
96,Limo & black car operators,485320,48,"Reservations, driver dispatch, affiliate billing",3,"6,165 active companies",unverified,https://siccode.com/naics-code/485320/limousine-service,unverified,unverified,6,0,2,4,0,0,unverified (ad libraries blocked),searched (follow-up slice5),"siccode: 37,281 employees. IBISWorld Limousine & Town Car Services counts 189,339 businesses in 2025, a much broader definition including owner-drivers (https://www.ibisworld.com/united-states/number-of-businesses/limousine-town-car-services/5622/)."
97,Non-emergency medical transportation providers,485991,48,"Trip scheduling, Medicaid broker billing, driver credentialing",3,"over 10,000 NEMT companies",unverified,https://elitemedfinancials.com/nemt-industry-statistics/,unverified,unverified,8,0,7,4,0,0,unverified (ad libraries blocked),"searched (follow-up batch 17, 2026-09-17)","IBISWorld only covers ambulance services (3,197 businesses 2026) https://www.ibisworld.com/industry-statistics/number-of-businesses/ambulance-services-united-states/ . NEMT 'highly fragmented, no company >5%' (elitemedfinancials URL)."
98,Charter bus operators,485510,48,"Quotes, driver hours-of-service, trip sheets",3,"9,062 businesses (Scheduled & Charter Bus Services)",unverified,https://www.ibisworld.com/united-states/number-of-businesses/scheduled-charter-bus-services/1163/,small companies hold >75.0% of market share (not an employee-size share),https://www.ibisworld.com/united-states/industry/scheduled-charter-bus-services/1163/,10,0,2,4,0,0,unverified (ad libraries blocked),searched (follow-up slice6),"IBISWorld CAGR 5.0% 2020-25; market $6.9bn 2026. NAICS 485510: 4,938 establishments (https://naicscode.com/naics/?naics=485510) and 1,281 verified-active companies, employment 31,942 (https://siccode.com/naics-code/485510/charter-bus-industry)."
99,Customs brokers,488510,48,"Entry filing (ACE), classification, client documents",3,"7,744 companies (NAICS 488510, includes freight forwarders); ~11,000 active licensed customs brokers",unverified,https://siccode.com/naics-code/488510/freight-transportation-arrangement,unverified,unverified,8,0,4,3,0,0,unverified (ad libraries blocked),searched (follow-up slice0),"Licensed-broker count (~11,000; 11,400 individual+corporate licenses per CBP records) from https://customsbrokerindex.com/blog/us-customs-broker-list-find-licensed/. NCBFAA: 1,422+ member companies handle >97% of entries (https://www.ncbfaa.org/about-ncbfaa)."
100,Small 3PL warehouses,493110,49,"Receiving, pick/pack, client billing by pallet",3,"13,780 establishments (6,459 businesses)",2020,https://siccode.com/naics-code/493110/general-warehousing-and-storage,unverified,unverified,6,0,0,4,0,0,unverified (ad libraries blocked),searched (follow-up slice1),"NAICS 493110 = general warehousing incl. captive DCs. 3PL warehousing specifically: 3,000-3,500 providers; ~72,937 '3PL businesses' (IBISWorld 2024) per https://redstagfulfillment.com/how-many-3pls-are-there/"
101,Motorcycle & powersports dealers,441228,44,"Unit inventory, F&I paperwork, service scheduling",3,"6,634 establishments (5,952 firms); IBISWorld Motorcycle Sales & Repair: 15,056 dealerships",unverified,https://www.companyinsights.org/naics-codes/l/1010/441228-motorcycle-atv-and-all-other-motor-vehicle-dealers-in-united-states,unverified,unverified,7,0,3,4,0,0,unverified (ad libraries blocked),searched (follow-up slice2),Attribution among companyinsights/realdatasets. IBISWorld figure: https://www.ibisworld.com/united-states/industry/motorcycle-sales-repair/1008/
102,Boat dealers & marinas,441222,44,"Slip billing, winterization scheduling, unit inventory",3,"7,896 companies verified active (NAICS 441222 boat dealers)",unverified,https://siccode.com/naics-code/441222/boat-dealers,unverified,unverified,12,0,4,5,0,0,unverified (ad libraries blocked),searched (follow-up slice3),"Boat dealers only; marinas are NAICS 713930. 2020 Census: 3,548 businesses / 4,253 establishments (attribution among result set, naicslist/naics.com). Employment 34,393."
103,Trailer dealers,441229,44,"Title/registration paperwork, inventory, financing",3,"2,890 (IBISWorld Truck Trailer Dealers)",2025,https://www.ibisworld.com/united-states/number-of-businesses/truck-trailer-dealers/5419/,unverified,unverified,7,0,5,5,0,0,unverified (ad libraries blocked),searched (follow-up slice4),"IBISWorld: 2,890 truck trailer dealers 2025 (+1.4% vs 2,851 in 2024); NAICS 441229 has been restructured into 441228 (https://www.encyclopedia.com/manufacturing/news-wires-white-papers-and-books/naics-441229-all-other-motor-vehicle-dealers). Light utility/cargo trailer dealers are not separately counted. IBISWorld: highly fragmented, no company >5% (https://www.ibisworld.com/united-states/industry/truck-trailer-dealers/5419/). Searches: 12."
104,Construction equipment rental yards,532412,53,"Rental contracts, availability, maintenance, damage billing",3,937 active companies,unverified,https://siccode.com/naics-code/532412/construction-mining-forestry-machinery-equipment-rental-leasing,unverified,unverified,7,0,3,4,0,0,unverified (ad libraries blocked),searched (follow-up slice5),"siccode: 60,383 employees; count looks low versus ARA membership and likely reflects the verified-active subset only. Colliers/snakvc results: about 45% of the equipment rental market remains with local and independent rental companies (https://knowledge-leader.colliers.com/vytas-norusis/the-inside-scoop-on-outdoor-storage-the-evolution-of-the-equipment-rental-market/)."
105,"Party & event rental companies (tents, bounce houses)",532289,53,"Quotes, inventory availability, delivery routing, deposits",3,"9,353 businesses",2024,https://www.ibisworld.com/industry-statistics/number-of-businesses/party-supply-rental-united-states/,unverified,unverified,9,0,4,5,0,0,unverified (ad libraries blocked),searched (follow-up slice6),"IBISWorld Party Supply Rental (+1.2% 2024); revenue $8.5bn 2025 per same search. NAICS 532289 whole-code: 7,099 verified-active companies, employment 45,668 (https://siccode.com/naics-code/532289/consumer-goods-rental)."
106,Self-storage facilities,531130,53,"Move-ins, auto-pay, lien/auction notices",3,"32,231 companies",unverified,https://www.naics.com/naics-code-description/?code=531130,unverified,unverified,7,0,7,5,0,0,unverified (ad libraries blocked),searched (follow-up slice0),"Search summary attributed 32,231 companies under NAICS 531130 to the naics.com / insurancexdate.com result set (alt: https://www.insurancexdate.com/naics/531130). Facility ownership: ~65% of facilities owned by operators outside the top 100 (https://www.neighbor.com/storage-blog/self-storage-industry-statistics/)."
107,Laundromats,812310,81,"Machine uptime, wash-and-fold orders, cash/coin reconciliation",3,"~29,500 coin laundries (~$5B gross revenue)",unverified,https://laundryassociation.org/for-investors/industry-overview/,unverified,unverified,6,0,0,5,0,0,unverified (ad libraries blocked),searched (follow-up slice1),"CLA page says 'currently'; year not stated. siccode lists only 4,051 companies verified active (41,889 employees) https://siccode.com/naics-code/812310/coin-operated-laundries-drycleaners ; an IBISWorld-derived figure of ~18,375 coin laundries (2025) appears at https://www.presscleaners.com/blog/laundromat-statistics-2025/"
108,Dry cleaners,812320,81,"Garment tracking, tickets, route pickup/delivery",3,"27,649 businesses (IBISWorld Dry Cleaners); 25,272 establishments also appeared (attribution uncertain)",unverified (IBISWorld page dated 2025; CAGR -1.1% 2020-2025),https://www.ibisworld.com/united-states/industry/dry-cleaners/1730/,unverified,unverified,8,0,4,4,0,0,unverified (ad libraries blocked),searched (follow-up slice2),"IBISWorld market $9.6bn 2026. The 25,272 figure surfaced in a NAICS 812320 search whose source among insurancexdate.com/naics/812320 and the Census CBP PDF could not be pinned down."
109,Independent hardware stores,444130,44,"Inventory, special orders, co-op paperwork",3,"over 15,000 companies (NAICS 444130)",unverified,https://www.insurancexdate.com/naics/444130,unverified,unverified,10,0,3,3,0,0,unverified (ad libraries blocked),searched (follow-up slice3),"Only a rounded figure appeared in results; census profile page https://data.census.gov/profile/444130_-_Hardware_stores?n=444130 showed no number in the snippet. Ace Hardware alone has 5,300+ locally-owned stores (https://hbsdealer.com/news/ace-doubles-down-on-pos-partnership)."
110,Garden centers & nurseries,444220,44,"Seasonal inventory, perishables, landscaper accounts",3,"8,973 (IBISWorld Nursery & Garden Stores)",2026,https://www.ibisworld.com/united-states/number-of-businesses/nursery-garden-stores/1037/,unverified,unverified,8,0,7,4,0,0,unverified (ad libraries blocked),searched (follow-up slice4),"IBISWorld: 8,973 businesses, -0.9% CAGR 2021-26. Concentration statements conflict: 'top four 60.4% of revenue' and 'moderate concentration, largest Tractor Supply' (https://www.ibisworld.com/united-states/industry/nursery-garden-stores/1037/) - i.e. NOT fragmented by IBISWorld's measure, although independents are numerous. Searches: 12."
111,Florists,453110,45,"Order taking, wire-service fees, delivery routing",3,"37,294 businesses",2026,https://www.ibisworld.com/united-states/industry/florists/1096/,unverified,unverified,7,0,5,4,0,0,unverified (ad libraries blocked),searched (follow-up slice5),"Hana POS blog puts standalone retail flower shops at about 14,000 excluding supermarket floral departments and online-only sellers (https://www.hanafloristpos.com/blog/flower-shop-statistics/). IBISWorld describes the industry as in the declining stage of its life cycle."
112,Independent jewelry stores,448310,44,"Repair tickets, appraisals, inventory memos",3,"74,245 businesses",2025,https://www.ibisworld.com/united-states/number-of-businesses/jewelry-stores/1075/,unverified,unverified,8,0,4,5,0,0,unverified (ad libraries blocked),searched (follow-up slice6),"IBISWorld Jewelry Stores; -3.5% vs 2024, -3.5%/yr 2020-25; 73,980 in 2026 (-0.4%). Includes chains; independents >70% of specialty market per Signet 20-F (2008 data, https://www.sec.gov/Archives/edgar/data/0000832988/000115697308000528/u55510ex15-3.htm)."
113,Pawn shops,522298,52,"Loan tickets, police reporting, state compliance",3,"4,012 businesses (IBISWorld 2026); 10,300 establishments (2014, CFPB filing); 7,771 store locations (2026)",2026,https://www.ibisworld.com/united-states/number-of-businesses/pawn-shops/4741/,unverified,unverified,7,0,7,3,0,0,unverified (ad libraries blocked),searched (follow-up slice0),"Alternates: 8,270 (2007) to 10,300 (2014) establishments under NAICS 522298 from https://downloads.regulations.gov/CFPB-2016-0025-199366/attachment_1.pdf ; 7,771 store locations and $4.5B 2026 from https://www.halfinterestpawn.com/blog/pawn-shop-statistics-2026 ; 'more than 12,000 pawn locations, majority privately held' also in that result set."
114,Gun shops / FFL dealers (compliance & bound book),451110,45,"ATF bound book, 4473 forms, NICS checks, audits",3,"46,072 Type 01 FFL dealers (52,993 in 2021)",2025,https://www.americanrifleman.org/content/number-of-retail-ffls-dwindling/,unverified,unverified,8,0,3,4,0,0,unverified (ad libraries blocked),searched (follow-up slice1),Type 01 count includes gunsmiths and pawnbrokers with dealer licenses. ATF licence statistics page https://www.atf.gov/firearms/federal-firearms-licenses (count not visible in snippet). IBISWorld Gun & Ammunition Stores market $23.5bn 2025 https://www.ibisworld.com/united-states/industry/gun-ammunition-stores/4379/
115,Liquor stores,445310,44,"Inventory, age-compliance, distributor orders",3,"44,401 businesses (IBISWorld Beer, Wine & Liquor Stores); 45,776 in the broader retailing report",2026,https://www.ibisworld.com/united-states/number-of-businesses/beer-wine-liquor-stores/1051/,unverified,unverified,7,0,4,4,0,0,unverified (ad libraries blocked),searched (follow-up slice2),Retailing report ($87.2bn): https://www.ibisworld.com/united-states/industry/beer-wine-liquor-retailing/1051/. No Census count appeared in the NAICS 445310 search.
116,Independent pharmacies,446110,44,"Refill management, PBM reconciliation, DIR fees",3,"18,960 independent community pharmacies",2025,https://ncpa.org/newsroom/news-releases/2025/10/19/ncpa-releases-2025-digest-report,unverified,unverified,10,0,4,3,0,0,unverified (ad libraries blocked),searched (follow-up slice3),"NCPA Digest 2025: 18,960 as of July 2025, down from 18,984 June 2024; ~36% of all US retail pharmacies; $103B market 2024 (attribution among result set incl. hmenews). NAICS 446110 census profile showed no number."
117,Food trucks,722330,72,"Event booking, permits/commissary paperwork, catering quotes",3,"92,257 (IBISWorld Food Trucks)",2025,https://www.ibisworld.com/united-states/number-of-businesses/food-trucks/4322/,unverified,unverified,8,0,7,5,0,0,unverified (ad libraries blocked),searched (follow-up slice4),"IBISWorld: 92,257 food truck businesses 2025, +16.9% vs 2024, 23.7%/yr 2020-25; market $2.8bn. No company >5% share, top 50 ~20% of revenue (https://www.prweb.com/releases/food_trucks_in_the_us_industry_market_research_report_now_available_from_ibisworld/prweb11580691.htm); 91% independently owned (https://www.b2breviews.com/food-truck-statistics/). Searches: 12."
118,Caterers,722320,72,"Proposals, BEOs, staffing, deposits",3,"13,263 businesses",2025,https://www.ibisworld.com/industry-statistics/number-of-businesses/caterers-united-states/,unverified,unverified,5,0,5,5,0,0,unverified (ad libraries blocked),searched (follow-up slice5),"siccode: 12,010 active companies, 161,416 employees (https://siccode.com/naics-code/722320/caterers). A third figure of 12,544 businesses / 12,800 establishments appeared in the result summary without clear attribution."
119,Retail bakeries,722515,72,"Custom order intake, production sheets, deposits",3,"72,985 establishments (55,670 businesses) NAICS 722515",2020,https://naicscode.com/naics/?naics=722515,unverified,unverified,9,0,5,5,0,0,unverified (ad libraries blocked),searched (follow-up slice6),"NAICS 722515 (snack & nonalcoholic beverage bars) covers bakery cafes that bake on premises plus coffee/ice-cream shops; retail bakeries not baking on premises sit in 445291. IBISWorld Bakery Cafes: 9,112 businesses 2025 (+1.1%), market $17.8bn (https://www.ibisworld.com/united-states/number-of-businesses/bakery-cafes/4319/)."
120,Vending machine operators,454210,45,"Route servicing, cash reconciliation, location contracts",3,"14,801 businesses (IBISWorld broad count, 2026); 2,564 (IBISWorld industry-focused)",2026,https://www.ibisworld.com/united-states/number-of-businesses/vending-machine-operators/1113/,unverified,unverified,7,0,3,3,0,0,unverified (ad libraries blocked),searched (follow-up slice0),"Both figures appeared in one search summary drawn from IBISWorld pages; $8.0B market 2026, businesses declining 1.3% CAGR 2021-2026 (https://www.ibisworld.com/united-states/industry/vending-machine-operators/1113/)."
121,Funeral homes,812210,81,"Case files, death certificates, price lists (FTC Funeral Rule)",3,"15,456 establishments (10,931 businesses)",2020,https://siccode.com/naics-code/812210/funeral-homes-funeral-services,unverified,unverified,6,0,1,4,0,0,unverified (ad libraries blocked),searched (follow-up slice1),"Same page: 15,130 companies verified active, 109,136 employees (undated). NFDA count not found in results."
122,Cemeteries & crematories,812220,81,"Plot records, cremation authorizations, state permits",3,"8,389 companies verified active; 32,049 employees",unverified,https://siccode.com/naics-code/812220/cemeteries-crematories,unverified,unverified,8,0,2,3,0,0,unverified (ad libraries blocked),searched (follow-up slice2),"Attribution among siccode/insurancexdate. Many operators are municipal, religious or nonprofit; SCI is the corporate leader."
123,Pet grooming salons & mobile groomers,812910,81,"Appointments, vaccination records, reminders",3,"32,943 companies verified active (NAICS 812910 pet care ex-vet)",unverified,https://siccode.com/naics-code/812910/pet-care,unverified,unverified,11,0,7,5,0,0,unverified (ad libraries blocked),searched (follow-up slice3),"Whole NAICS 812910 (boarding, grooming, sitting, training); grooming-only subset not broken out. Employment 113,907."
124,Pet boarding & daycare,812910,81,"Reservations, vaccination compliance, feeding/med charts",3,193k (IBISWorld Pet Grooming & Boarding; includes groomers/sitters),2026,https://www.ibisworld.com/united-states/number-of-businesses/pet-grooming-boarding/1735/,unverified,unverified,7,0,7,5,0,0,unverified (ad libraries blocked),searched (follow-up slice4),"IBISWorld: 193k businesses 2026, 7.6% CAGR 2021-26; 169,481 in 2025 (+4.1%); market $11.3bn 2026; highly fragmented, no company >5% (https://www.ibisworld.com/united-states/industry/pet-grooming-boarding/1735/). Franchises: Dogtopia 200+ US locations, Camp Bow Wow 170+ (https://1851franchise.com/top-pet-boarding-daycare-franchises-2730430). Searches: 12."
125,Dog training businesses,812910,81,"Class scheduling, packages, intake forms",3,"32,943 active companies (all pet care, NAICS 812910)",unverified,https://siccode.com/naics-code/812910/pet-care,unverified,unverified,8,0,6,5,0,0,unverified (ad libraries blocked),searched (follow-up slice5),"NAICS 812910 covers boarding, grooming, sitting and training; no training-only count surfaced. 113,907 employees per siccode. Franchises: Sit Means Sit 120+ locations (https://1851franchise.com/sit-means-sit-franchise-costs-fees-profit-and-data-2730404), Dog Training Elite 375+ markets, Bark Busters 300+ franchises (market report result)."
126,Barber shops,812111,81,"Appointments, walk-in queue, chair rent",3,"154,925 businesses",2025,https://www.ibisworld.com/united-states/number-of-businesses/barber-shops/5806/,unverified,unverified,8,0,6,5,0,0,unverified (ad libraries blocked),searched (follow-up slice6),"IBISWorld Barber Shops; market $7.0bn 2025 (https://www.ibisworld.com/industry-statistics/market-size/barber-shops-united-states/). NAICS 812111 verified-active companies 20,938, employment 21,143 (https://siccode.com/naics-code/812111/barber-shops) - the IBISWorld figure includes booth renters/sole proprietors."
127,Hair salons,812112,81,"Appointments, retail, stylist commissions",3,"79,472 establishments (2020 Census); 125,440 companies (siccode)",2020,https://www.naics.com/naics-code-description/?v=2022&code=812112,unverified,unverified,8,0,6,5,0,0,unverified (ad libraries blocked),searched (follow-up slice0),Second figure: https://siccode.com/naics-code/812112/beauty-salons. Census profile page also in results: https://data.census.gov/profile/812112_-_Beauty_Salons?n=812112 (count not shown).
128,Nail salons,812113,81,"Appointments, state board compliance, tips/payroll",3,"36,614 verified business locations",unverified,https://siccode.com/naics-code/812113/nail-salons,unverified,unverified,6,0,0,5,0,0,unverified (ad libraries blocked),searched (follow-up slice1),"CA >5,500 and TX >4,000 locations (same page). IBISWorld 'Personal Waxing & Nail Salons' counts 333,791 businesses (includes sole proprietors) per search summary; treat as different scope."
129,Tattoo studios,812199,81,"Consults, consent/health forms, deposits",3,"24,221 businesses (IBISWorld Tattoo Artists)",2024,https://www.ibisworld.com/united-states/number-of-businesses/tattoo-artists/4404/,unverified,unverified,8,0,3,5,0,0,unverified (ad libraries blocked),searched (follow-up slice2),"Average 1.8 employees per business (IBISWorld, same result set); Zenoti guide cites 23,774 businesses (https://www.zenoti.com/thecheckin/tattoo-shop-management-software-guide). Note NAICS 812199 not searched directly; IBISWorld industry used."
130,Massage therapy practices,812199,81,"Booking, SOAP notes, package tracking",3,"41,008 verified business locations (NAICS 812199 other personal care)",unverified,https://siccode.com/naics-code/812199/personal-care-services,unverified,unverified,8,0,4,5,0,0,unverified (ad libraries blocked),searched (follow-up slice3),"Whole NAICS 812199 incl. day spas, tattoo, tanning. IBISWorld Massage Services counts 193,535 businesses 2025 / ~194k 2026 incl. sole practitioners (https://www.ibisworld.com/united-states/number-of-businesses/massage-services/6028/)."
131,Veterinary clinics (independent),541940,54,"Appointments, records, reminders, inventory",2,"34,296 (Census Bureau, veterinary practices)",2023,https://co.vet/post/veterinarian-facts/,unverified,unverified,8,0,7,3,0,0,unverified (ad libraries blocked),searched (follow-up slice4),"Census 34,296 practices 2023 (via co.vet); IBISWorld Veterinary Services 56,756 businesses 2025 (+2.0%) (https://www.ibisworld.com/united-states/number-of-businesses/veterinary-services/1447/). AVMA 2025 report: 93.9% of surveyed practice owners are independent (https://www.dvm360.com/view/2025-economic-state-of-the-veterinary-profession-trends-and-opportunities-for-your-practice); corporate groups est. ~30% of practices and >half of companion-animal revenue (https://privateequityvet.org/vet-list/). Searches: 13."
132,Dental practices (independent),621210,62,"Scheduling, insurance verification, recall",2,"135,665 dental practice establishments",2023,https://isedate.com/post/dental-practice-ownership-vs-dso-statistics-2026-2197,unverified,unverified,6,0,4,4,0,0,unverified (ad libraries blocked),searched (follow-up slice5),"Attribution of the 135,665 figure among the result set (isedate / dentistemaillist) is uncertain. siccode lists 226,938 active companies under NAICS 621210 which likely includes individual practitioners (https://siccode.com/naics-code/621210/offices-dentists). ADA HPI: DSO affiliation 16.1% of dentists in 2024; solo practice about 50% of dentists, down from 67% in 2005 (https://adanews.ada.org/new-dentist/2024/web-exclusives/practice-modality-by-the-numbers/)."
133,Chiropractic offices,621310,62,"Scheduling, SOAP notes, insurance billing",3,"74,197 verified business locations (NAICS 621310)",unverified,https://siccode.com/naics-code/621310/offices-chiropractors,unverified,unverified,8,0,4,5,0,0,unverified (ad libraries blocked),searched (follow-up slice6),"70,210 licensed chiropractors (https://www.withorbital.com/data/how-many-chiropractors-in-the-us/). IBISWorld Chiropractors market $24.0bn 2026 (https://www.ibisworld.com/united-states/industry/chiropractors/1559/); business count not in snippet."
134,Physical therapy clinics (independent),621340,62,"Authorizations, plan-of-care notes, billing",3,"47,101 establishments; 431,257 employees",2020,https://www.naics.com/naics-code-description/?code=621340,unverified,unverified,8,0,6,4,0,0,unverified (ad libraries blocked),searched (follow-up slice0),"NAICS 621340 also covers OT, speech therapy and audiology offices. Five large chains operate 4,949 clinics = 9.7% of industry total (https://www.stifel.com/Newsletters/InvestmentBanking/BAL/Marketing/Healthcare/PhysicalTherapy/2025/PT_MarketOverview072025.pdf)."
135,Optometry practices,621320,62,"Exams scheduling, vision-plan billing, optical inventory",3,"47,076 verified businesses",unverified,https://siccode.com/naics-code/621320/offices-optometrists,unverified,unverified,7,0,1,4,0,0,unverified (ad libraries blocked),searched (follow-up slice1),"44,912 practicing optometrists in 2024 https://www.rightfitcapital.com/post/private-equity-optometry-practice-buyers-2026 ; 13,000+ eye-care practices (optometry+ophthalmology) https://physiciangrowthpartners.com/white-paper/state-of-eye-care-private-equity-q1-2025/"
136,Mental health private practices,621330,62,"Scheduling, notes, insurance claims, intake forms",3,"187,850 companies verified active; 119,463 employees",unverified,https://siccode.com/naics-code/621330/offices-mental-health-practitioners,unverified,unverified,8,0,6,5,0,0,unverified (ad libraries blocked),searched (follow-up slice2),"Attribution among siccode/insurancexdate. Count includes solo practitioners. IBISWorld Psychologists, Social Workers & Marriage Counselors revenue $35.7bn 2025."
137,Home health & non-medical home care agencies,621610,62,"Caregiver scheduling, EVV, timesheets, Medicaid billing",3,"36,083 active companies (alt 68,232 establishments Apr 2024)",2022,https://www.naics.com/naics-code-description/?code=621610,unverified,unverified,8,0,5,4,0,0,unverified (ad libraries blocked),"searched (follow-up batch 17, 2026-09-17)","68,232 figure appeared in the same result set (attribution ambiguous among https://www.infoglobaldata.com/naics-code/naics-code-621610-home-health-care-services and others). IBISWorld home care providers: no company >5% share https://www.ibisworld.com/united-states/industry/home-care-providers/1579/"
138,Adult day care centers,624120,62,"Attendance, transport, Medicaid billing, care plans",3,"3,100 adult day services centers",2022,https://cdc.gov/nchs/fastats/adsc.htm,unverified,unverified,8,0,3,4,0,0,unverified (ad libraries blocked),searched (follow-up slice3),"CDC NCHS fastats. NADSA counted 5,685 programs in 2014 (https://www.nadsa.org/about/about-adult-day-services/, attribution among result set). NAICS 624120 whole code: 6,392 companies verified active (https://siccode.com/naics-code/624120/services-elderly-persons-disabilities)."
139,Small assisted living & group homes,623312,62,"Med logs, staffing, state survey paperwork",3,"32,231 (NCHS assisted living and other residential care communities)",unverified,https://www.theseniorlist.com/assisted-living/statistics/,unverified,unverified,7,0,6,5,0,0,unverified (ad libraries blocked),searched (follow-up slice4),"NCHS via The Senior List: 32,231 communities, ~1M residents; another source: over 30,500 communities 2026, 83.2% occupancy (https://www.definitivehc.com/resources/healthcare-insights/assisted-living-facilities-us). Market fragmented, top 5 ~32% (https://www.fortunebusinessinsights.com/assisted-living-market-111474). Small AFH/group-home subset not separately counted. Searches: 12."
140,Durable medical equipment suppliers,446199,44,"Prior authorizations, Medicare documentation, deliveries",3,"more than 6,000 unique HME suppliers",2025,https://www.sec.gov/Archives/edgar/data/1725255/000162828026011213/ahco-20251231.htm,unverified,unverified,5,0,3,2,0,0,unverified (ad libraries blocked),searched (follow-up slice5),"AdaptHealth 10-K FY2025 language: HME industry highly fragmented with more than 6,000 unique suppliers. NAICS 456199 (successor to 446199) shows 9,684 companies (https://samsearch.co/naics-ai-lookup/456199). Historical: 113,154 DMEPOS suppliers / 65,984 billing numbers in March 2008 (https://www.govinfo.gov/link/fr/75/52633)."
141,Child care centers & in-home daycares,624410,62,"Attendance, ratios, state licensing forms, tuition billing",3,"55,536 active companies (NAICS 624410)",unverified,https://siccode.com/naics-code/624410/child-day-care-services,unverified,unverified,10,0,6,3,0,0,unverified (ad libraries blocked),searched (follow-up slice6),"Employment 976,057 per same result. IBISWorld Early Childhood Learning Centers: 19,461 businesses (https://www.ibisworld.com/united-states/industry/early-childhood-learning-centers/5718/); >230,000 early-education facilities incl. family child care homes cited at https://askwonder.com/research/early-childhood-education-market-5j8l8ed71."
142,Dance studios,611610,61,"Class rosters, tuition, recital costumes",3,"14,622 dance studios (IBISWorld 2025); 17,704 companies (siccode NAICS 611610 fine arts schools)",2025,https://www.ibisworld.com/industry-statistics/number-of-businesses/dance-studios-united-states/,unverified,unverified,8,0,7,5,0,0,unverified (ad libraries blocked),searched (follow-up slice0),"IBISWorld: 14,330 in 2024, +2.0%/yr 2020-2025. siccode figure: https://siccode.com/naics-code/611610/fine-arts-schools (covers all fine arts schools)."
143,Martial arts schools,611620,61,"Memberships, belt testing, attendance",3,"76,364 martial arts studios (IBISWorld, cited by Gymdesk)",2026,https://gymdesk.com/blog/martial-arts-industry-statistics,unverified,unverified,5,0,1,5,0,0,unverified (ad libraries blocked),searched (follow-up slice1),"IBISWorld count includes sole proprietors. NAICS 611620 (all sports instruction) lists 18,731 companies https://siccode.com/naics-code/611620/sports-recreation-instruction ; '>40,000 schools' per https://en.wikipedia.org/wiki/Martial_arts_school"
144,Swim schools,611620,61,"Level-based scheduling, make-ups, instructor ratios",3,"unverified for swim schools; parent NAICS 611620 (sports & recreation instruction): 18,731 companies verified active",unverified,https://siccode.com/naics-code/611620/sports-recreation-instruction,unverified,unverified,8,0,3,4,0,0,unverified (ad libraries blocked),searched (follow-up slice2),"Swim-only count: 'less than 1,000 swim schools' (2017, https://swimswam.com/5-reasons-swim-school-industry-hot/). US Swim School Association: 400+ member schools (https://usswimschools.org/). Goldfish 86 locations (franchisetimes), Aqua-Tots 175+ (entrepreneur.com)."
145,Music schools & private music teachers,611610,61,"Lesson scheduling, make-ups, tuition",3,"17,704 companies verified active (NAICS 611610 fine arts schools)",unverified,https://siccode.com/naics-code/611610/fine-arts-schools,unverified,unverified,11,0,5,5,0,0,unverified (ad libraries blocked),searched (follow-up slice3),"Whole fine-arts code (music, dance, art, drama). IBISWorld Fine Arts Schools 16,843 businesses (https://www.ibisworld.com/industry-statistics/market-size/fine-arts-schools-united-states/, attribution among result set); private music teachers as sole proprietors mostly outside these counts."
146,Driving schools,611692,61,"State-required hours logging, DMV forms, vehicle scheduling",3,"23,946 (IBISWorld Driving Schools)",2025,https://www.ibisworld.com/industry-statistics/number-of-businesses/driving-schools-united-states/,unverified,unverified,8,0,7,5,0,0,unverified (ad libraries blocked),searched (follow-up slice4),"IBISWorld: 23,946 businesses 2025; market $2.0bn 2026; highly fragmented, no company >5% (https://www.ibisworld.com/united-states/industry/driving-schools/4995/). Searches: 11."
147,CDL truck driving schools,611519,61,"ELDT registry reporting, DOT physicals, student tracking",3,"395 truck driving schools (IBISWorld); 4,462+ FMCSA TPR-registered ELDT providers",2024,https://www.ibisworld.com/united-states/number-of-businesses/truck-driving-schools/5118/,schools with fewer than 10 employees estimated at over half of establishments,https://www.ibisworld.com/united-states/industry/truck-driving-schools/5118/,5,0,3,5,0,0,unverified (ad libraries blocked),"searched (follow-up batch 17, 2026-09-17)","TPR provider count 4,462+ from https://tradecolleges.org/cdl-schools-in/pennsylvania ; IBISWorld counts only dedicated schools (many carriers/community colleges also train)."
148,Cosmetology & barber schools,611511,61,"State-board hour tracking, attendance, Title IV paperwork",3,"1,644 active companies",unverified,https://siccode.com/naics-code/611511/cosmetology-barber-schools,unverified,unverified,8,0,5,4,0,0,unverified (ad libraries blocked),searched (follow-up slice5),"siccode: 17,496 employees. Paul Mitchell Schools network alone is 90+ schools (https://www.salonexam.com/schools/paul-mitchell-schools); Empire and Aveda are the other national chains. NACCAS is the Dept of Education-recognized accreditor."
149,Flight schools,611512,61,"Aircraft/instructor scheduling, FAA logbooks, dispatch",3,"1,105 businesses",unverified,https://www.ibisworld.com/united-states/number-of-businesses/flying-schools/4996/,unverified,unverified,9,0,4,4,0,0,unverified (ad libraries blocked),searched (follow-up slice6),"IBISWorld Flight Schools, CAGR 5.4% 2020-25. NAICS 611512 verified-active companies 988, employment 19,114 (https://siccode.com/naics-code/611512/flight-training). Flying clubs (not counted) also buy the same scheduling tools."
150,Tutoring centers,611691,61,"Session scheduling, progress reports, billing",3,"7,885 companies (138,966 employees)",unverified,https://siccode.com/naics-code/611691/exam-preparation-tutoring,unverified,unverified,8,0,6,5,0,0,unverified (ad libraries blocked),searched (follow-up slice0),57% of tutoring centers in 2022 were single-location firms or small chains (https://gitnux.org/us-tutoring-industry-statistics/).
151,Golf courses (independent / municipal),713910,71,"Tee sheets, memberships, F&B, tournaments",3,"11,513 companies verified active (309,105 employees)",unverified,https://siccode.com/naics-code/713910/golf-courses-country-clubs,unverified,unverified,6,0,2,4,0,1,unverified (ad libraries blocked),searched (follow-up slice1),"~16,000 US golf courses of which ~6,000 municipal or member-equity (NGCOA, cited in ClubCorp 10-K) https://www.sec.gov/Archives/edgar/data/0001515382/000151538213000010/cc-20121225x10k.htm ; NGF golf-management update https://www.ngf.org/short-game/an-update-on-the-golf-management-space/"
152,Bowling centers,713950,71,"Lane reservations, leagues, parties",3,"2,650 companies verified active; 69,636 employees",unverified,https://siccode.com/naics-code/713950/bowling-centers,unverified,unverified,7,1,1,3,0,1,unverified (ad libraries blocked),searched (follow-up slice2),"Attribution among siccode/insurancexdate. Bowlero is ~6x the next largest operator (Bowlero 10-K, https://www.sec.gov/Archives/edgar/data/1840572/000162828023031928/bowl-20230702.htm)."
153,Campgrounds & RV parks,721211,72,"Reservations, site maps, seasonal contracts",3,"7,338 companies verified active (NAICS 721211)",unverified,https://siccode.com/naics-code/721211/rv-recreational-vehicle-parks-campgrounds,unverified,unverified,10,0,4,5,0,1,unverified (ad libraries blocked),searched (follow-up slice3),"Employment 22,351. RVParkIQ: >16,200 privately owned RV parks, 88% independently owned (https://rvparkiq.com/industry-insights/the-market-size-of-the-u-s-rv-park-campground-industry/, attribution among result set)."
154,Bed & breakfasts and small inns,721191,72,"Reservations, channel management, housekeeping",3,"4,383 (IBISWorld Bed & Breakfast & Hostel Accommodations)",2026,https://www.ibisworld.com/united-states/number-of-businesses/bed-breakfast-hostel-accommodations/1663,unverified,unverified,8,0,8,5,0,1,unverified (ad libraries blocked),searched (follow-up slice4),"IBISWorld: 4,383 businesses 2026, 0.7% CAGR 2021-26; highly fragmented, no company >5% (https://www.ibisworld.com/united-states/industry/bed-breakfast-hostel-accommodations/1663/); 50 largest ~15% of revenue (https://www.sbdcnet.org/small-business-research-reports/bed-and-breakfast-business/). Searches: 12."
155,Hunting & fishing outfitters and guides,713990,71,"Trip booking, licenses/permits, waivers",3,"19,765 active companies (all of NAICS 713990)",unverified,https://siccode.com/naics-code/713990/all-other-amusement-and-recreation-industries-2,unverified,unverified,9,0,6,5,0,1,unverified (ad libraries blocked),searched (follow-up slice5),"NAICS 713990 is a catch-all (guides, outfitters, amusement rides, mini golf, billiards); no guide/outfitter-only count surfaced. Outfitters are state-licensed and federal-land permitted (CRS R46380 https://www.congress.gov/crs-product/R46380). Hunting and trapping employed 17,278 in 2021 per a result (https://www.gohunt.com/browse/journal/the-life/how-are-hunting-guides-and-outfitters-governed)."
156,Boutique fitness & yoga studios,713940,71,"Class scheduling, memberships, waivers",2,"37,317 businesses (Pilates & Yoga Studios)",unverified,https://www.ibisworld.com/united-states/industry/pilates-yoga-studios/4185/,unverified,unverified,9,0,6,5,0,1,unverified (ad libraries blocked),searched (follow-up slice6),"IBISWorld Pilates & Yoga Studios; market $19.2bn 2026, CAGR 0.0% 2021-26. Whole NAICS 713940 (all fitness centers): 47,301 verified-active companies, employment 777,609 (https://siccode.com/naics-code/713940/fitness-recreational-sports-centers)."
157,Horse boarding & riding stables,713990,71,"Board billing, lesson scheduling, vet/farrier logs",3,"10,304 horse boarding stables",2025,https://rentechdigital.com/smartscraper/business-report-details/list-of-horse-boarding-stables-in-united-states,unverified,unverified,8,0,6,5,0,1,unverified (ad libraries blocked),searched (follow-up slice0),"Scraped-directory count (as of 2025-10-15, +0.56% vs 2023); same source: 96.12% are single-owner operations (not the <20-employee Census metric). NAICS 713990 is a catch-all; boarding is classified under 115210 per IBISWorld."
158,Wedding & event venues,531120,53,"Tours, contracts, deposits, vendor coordination",3,"~35,829 wedding venues; 71.8% single-owner",2025,https://www.mmcginvest.com/post/the-u-s-wedding-venue-market-a-investment-thesis-for-2026-2030,unverified,unverified,5,0,3,4,0,1,unverified (ad libraries blocked),searched (follow-up slice1),"Count is SmartScrapers/RenTech Digital directory data (https://rentechdigital.com/smartscraper/business-report-details/list-of-wedding-venues-in-united-states), not Census. NAICS 531120 (lessors of nonresidential buildings) is a poor proxy and was not used."
159,Photographers & photo booth operators,541921,54,"Booking, contracts, galleries, invoicing",3,"10,622 establishments (portrait studios, NAICS 541921); 32,491 employees. IBISWorld Photography: 255k businesses (incl. nonemployers)",2020,https://naicslist.com/naics/541921,unverified,unverified,7,0,7,5,0,1,unverified (ad libraries blocked),searched (follow-up slice2),IBISWorld figure and $16.2bn market: https://www.ibisworld.com/united-states/industry/photography/1443/. Photo booth operators have no NAICS split.
160,Uniform & linen rental services,812331,81,"Route delivery, garment tracking, contract billing",3,940 companies verified active (NAICS 812331 linen supply),unverified,https://siccode.com/naics-code/812331/linen-supply,unverified,unverified,7,0,1,2,0,0,unverified (ad libraries blocked),searched (follow-up slice3),"Employment 55,779. TRSA: 200+ operator members account for >90% of commercially laundered linens/uniforms (https://www.trsa.org/about-trsa/). Small niche by count."
