niche_id,tool,domain,meta_lookup_url,meta_active_ads,meta_ads_60d,meta_ads_120d,meta_platforms,meta_cta,google_lookup_url,google_advertiser_page_url,google_ad_count,google_formats,google_overlap_90d_pass,linkedin_lookup_url,linkedin_present,linkedin_date_ranges,headcount_bonus,headcount_bonus_evidence_url,direct_response_cta,verified_score,pending_signals,notes
28,TurfEstimator,turfestimator.com,https://www.facebook.com/ads/library/?active_status=active&ad_type=all&country=US&q=TurfEstimator&search_type=keyword_unordered&media_type=all,unverified (host blocked),unverified (host blocked),unverified (host blocked),unverified (host blocked),unverified (host blocked),https://adstransparency.google.com/?region=US&domain=turfestimator.com,unverified (host blocked),unverified (host blocked),unverified (host blocked),unverified (host blocked),https://www.linkedin.com/ad-library/search?keyword=TurfEstimator,unverified (host blocked),unverified (host blocked),0,unverified,unverified (host blocked),0,"Meta +3, Google +3, LinkedIn +1, CTA +1 pending audit",Search-verified tool; no <50-headcount or bootstrapped evidence found in results.
28,QuoteIQ,myquoteiq.com,https://www.facebook.com/ads/library/?active_status=active&ad_type=all&country=US&q=QuoteIQ&search_type=keyword_unordered&media_type=all,unverified (host blocked),unverified (host blocked),unverified (host blocked),unverified (host blocked),unverified (host blocked),https://adstransparency.google.com/?region=US&domain=myquoteiq.com,unverified (host blocked),unverified (host blocked),unverified (host blocked),unverified (host blocked),https://www.linkedin.com/ad-library/search?keyword=QuoteIQ,unverified (host blocked),unverified (host blocked),2,https://myquoteiq.com/about-us/,unverified (host blocked),2,"Meta +3, Google +3, LinkedIn +1, CTA +1 pending audit",Search-verified tool; all platform counts await local scraper run.
28,ArcSite,arcsite.com,https://www.facebook.com/ads/library/?active_status=active&ad_type=all&country=US&q=ArcSite&search_type=keyword_unordered&media_type=all,unverified (host blocked),unverified (host blocked),unverified (host blocked),unverified (host blocked),unverified (host blocked),https://adstransparency.google.com/?region=US&domain=arcsite.com,unverified (host blocked),unverified (host blocked),unverified (host blocked),unverified (host blocked),https://www.linkedin.com/ad-library/search?keyword=ArcSite,unverified (host blocked),unverified (host blocked),0,unverified,unverified (host blocked),0,"Meta +3, Google +3, LinkedIn +1, CTA +1 pending audit",Search-verified tool; no <50-headcount or bootstrapped evidence found in results.
28,MeasureSquare,measuresquare.com,https://www.facebook.com/ads/library/?active_status=active&ad_type=all&country=US&q=MeasureSquare&search_type=keyword_unordered&media_type=all,unverified (host blocked),unverified (host blocked),unverified (host blocked),unverified (host blocked),unverified (host blocked),https://adstransparency.google.com/?region=US&domain=measuresquare.com,unverified (host blocked),unverified (host blocked),unverified (host blocked),unverified (host blocked),https://www.linkedin.com/ad-library/search?keyword=MeasureSquare,unverified (host blocked),unverified (host blocked),0,unverified,unverified (host blocked),0,"Meta +3, Google +3, LinkedIn +1, CTA +1 pending audit",Search-verified tool; no <50-headcount or bootstrapped evidence found in results.
28,Moasure (Landscape Designer TURF),moasure.com,https://www.facebook.com/ads/library/?active_status=active&ad_type=all&country=US&q=Moasure%20%28Landscape%20Designer%20TURF%29&search_type=keyword_unordered&media_type=all,unverified (host blocked),unverified (host blocked),unverified (host blocked),unverified (host blocked),unverified (host blocked),https://adstransparency.google.com/?region=US&domain=moasure.com,unverified (host blocked),unverified (host blocked),unverified (host blocked),unverified (host blocked),https://www.linkedin.com/ad-library/search?keyword=Moasure%20%28Landscape%20Designer%20TURF%29,unverified (host blocked),unverified (host blocked),0,unverified,unverified (host blocked),0,"Meta +3, Google +3, LinkedIn +1, CTA +1 pending audit",Search-verified tool; no <50-headcount or bootstrapped evidence found in results.
28,SiteRecon,unverified,https://www.facebook.com/ads/library/?active_status=active&ad_type=all&country=US&q=SiteRecon&search_type=keyword_unordered&media_type=all,unverified (host blocked),unverified (host blocked),unverified (host blocked),unverified (host blocked),unverified (host blocked),unverified (domain unknown),unverified (host blocked),unverified (host blocked),unverified (host blocked),unverified (host blocked),https://www.linkedin.com/ad-library/search?keyword=SiteRecon,unverified (host blocked),unverified (host blocked),0,unverified,unverified (host blocked),0,"Meta +3, Google +3, LinkedIn +1, CTA +1 pending audit",Search-verified tool; no <50-headcount or bootstrapped evidence found in results.
61,GuardsPro (formerly Guardso),guardspro.com,https://www.facebook.com/ads/library/?active_status=active&ad_type=all&country=US&q=GuardsPro%20%28formerly%20Guardso%29&search_type=keyword_unordered&media_type=all,unverified (host blocked),unverified (host blocked),unverified (host blocked),unverified (host blocked),unverified (host blocked),https://adstransparency.google.com/?region=US&domain=guardspro.com,unverified (host blocked),unverified (host blocked),unverified (host blocked),unverified (host blocked),https://www.linkedin.com/ad-library/search?keyword=GuardsPro%20%28formerly%20Guardso%29,unverified (host blocked),unverified (host blocked),2,https://craft.co/guardspro,unverified (host blocked),2,"Meta +3, Google +3, LinkedIn +1, CTA +1 pending audit",Search-verified tool; all platform counts await local scraper run.
61,Silvertrac (Trackforce),silvertracsoftware.com,https://www.facebook.com/ads/library/?active_status=active&ad_type=all&country=US&q=Silvertrac%20%28Trackforce%29&search_type=keyword_unordered&media_type=all,unverified (host blocked),unverified (host blocked),unverified (host blocked),unverified (host blocked),unverified (host blocked),https://adstransparency.google.com/?region=US&domain=silvertracsoftware.com,unverified (host blocked),unverified (host blocked),unverified (host blocked),unverified (host blocked),https://www.linkedin.com/ad-library/search?keyword=Silvertrac%20%28Trackforce%29,unverified (host blocked),unverified (host blocked),0,unverified,unverified (host blocked),0,"Meta +3, Google +3, LinkedIn +1, CTA +1 pending audit",Search-verified tool; no <50-headcount or bootstrapped evidence found in results.
61,TrackTik (Trackforce),trackforce.com,https://www.facebook.com/ads/library/?active_status=active&ad_type=all&country=US&q=TrackTik%20%28Trackforce%29&search_type=keyword_unordered&media_type=all,unverified (host blocked),unverified (host blocked),unverified (host blocked),unverified (host blocked),unverified (host blocked),https://adstransparency.google.com/?region=US&domain=trackforce.com,unverified (host blocked),unverified (host blocked),unverified (host blocked),unverified (host blocked),https://www.linkedin.com/ad-library/search?keyword=TrackTik%20%28Trackforce%29,unverified (host blocked),unverified (host blocked),0,unverified,unverified (host blocked),0,"Meta +3, Google +3, LinkedIn +1, CTA +1 pending audit",Search-verified tool; no <50-headcount or bootstrapped evidence found in results.
61,Novagems,novagems.com,https://www.facebook.com/ads/library/?active_status=active&ad_type=all&country=US&q=Novagems&search_type=keyword_unordered&media_type=all,unverified (host blocked),unverified (host blocked),unverified (host blocked),unverified (host blocked),unverified (host blocked),https://adstransparency.google.com/?region=US&domain=novagems.com,unverified (host blocked),unverified (host blocked),unverified (host blocked),unverified (host blocked),https://www.linkedin.com/ad-library/search?keyword=Novagems,unverified (host blocked),unverified (host blocked),2,https://tracxn.com/d/companies/novagems/__NB1bxtMvjUL5X_BHyujfQzeopaSOdUEFg6oHFQQWlSw,unverified (host blocked),2,"Meta +3, Google +3, LinkedIn +1, CTA +1 pending audit",Search-verified tool; all platform counts await local scraper run.
61,Safetrac,safetrac.io,https://www.facebook.com/ads/library/?active_status=active&ad_type=all&country=US&q=Safetrac&search_type=keyword_unordered&media_type=all,unverified (host blocked),unverified (host blocked),unverified (host blocked),unverified (host blocked),unverified (host blocked),https://adstransparency.google.com/?region=US&domain=safetrac.io,unverified (host blocked),unverified (host blocked),unverified (host blocked),unverified (host blocked),https://www.linkedin.com/ad-library/search?keyword=Safetrac,unverified (host blocked),unverified (host blocked),0,unverified,unverified (host blocked),0,"Meta +3, Google +3, LinkedIn +1, CTA +1 pending audit",Search-verified tool; no <50-headcount or bootstrapped evidence found in results.
61,THERMS,therms.io,https://www.facebook.com/ads/library/?active_status=active&ad_type=all&country=US&q=THERMS&search_type=keyword_unordered&media_type=all,unverified (host blocked),unverified (host blocked),unverified (host blocked),unverified (host blocked),unverified (host blocked),https://adstransparency.google.com/?region=US&domain=therms.io,unverified (host blocked),unverified (host blocked),unverified (host blocked),unverified (host blocked),https://www.linkedin.com/ad-library/search?keyword=THERMS,unverified (host blocked),unverified (host blocked),0,unverified,unverified (host blocked),0,"Meta +3, Google +3, LinkedIn +1, CTA +1 pending audit",Search-verified tool; no <50-headcount or bootstrapped evidence found in results.
69,Avionté,avionte.com,https://www.facebook.com/ads/library/?active_status=active&ad_type=all&country=US&q=Aviont%C3%A9&search_type=keyword_unordered&media_type=all,unverified (host blocked),unverified (host blocked),unverified (host blocked),unverified (host blocked),unverified (host blocked),https://adstransparency.google.com/?region=US&domain=avionte.com,unverified (host blocked),unverified (host blocked),unverified (host blocked),unverified (host blocked),https://www.linkedin.com/ad-library/search?keyword=Aviont%C3%A9,unverified (host blocked),unverified (host blocked),0,unverified,unverified (host blocked),0,"Meta +3, Google +3, LinkedIn +1, CTA +1 pending audit",Search-verified tool; no <50-headcount or bootstrapped evidence found in results.
69,TempWorks,unverified,https://www.facebook.com/ads/library/?active_status=active&ad_type=all&country=US&q=TempWorks&search_type=keyword_unordered&media_type=all,unverified (host blocked),unverified (host blocked),unverified (host blocked),unverified (host blocked),unverified (host blocked),unverified (domain unknown),unverified (host blocked),unverified (host blocked),unverified (host blocked),unverified (host blocked),https://www.linkedin.com/ad-library/search?keyword=TempWorks,unverified (host blocked),unverified (host blocked),0,unverified,unverified (host blocked),0,"Meta +3, Google +3, LinkedIn +1, CTA +1 pending audit",Search-verified tool; no <50-headcount or bootstrapped evidence found in results.
69,Bullhorn (Light Industrial),bullhorn.com,https://www.facebook.com/ads/library/?active_status=active&ad_type=all&country=US&q=Bullhorn%20%28Light%20Industrial%29&search_type=keyword_unordered&media_type=all,unverified (host blocked),unverified (host blocked),unverified (host blocked),unverified (host blocked),unverified (host blocked),https://adstransparency.google.com/?region=US&domain=bullhorn.com,unverified (host blocked),unverified (host blocked),unverified (host blocked),unverified (host blocked),https://www.linkedin.com/ad-library/search?keyword=Bullhorn%20%28Light%20Industrial%29,unverified (host blocked),unverified (host blocked),0,unverified,unverified (host blocked),0,"Meta +3, Google +3, LinkedIn +1, CTA +1 pending audit",Search-verified tool; no <50-headcount or bootstrapped evidence found in results.
69,Ceipal,unverified,https://www.facebook.com/ads/library/?active_status=active&ad_type=all&country=US&q=Ceipal&search_type=keyword_unordered&media_type=all,unverified (host blocked),unverified (host blocked),unverified (host blocked),unverified (host blocked),unverified (host blocked),unverified (domain unknown),unverified (host blocked),unverified (host blocked),unverified (host blocked),unverified (host blocked),https://www.linkedin.com/ad-library/search?keyword=Ceipal,unverified (host blocked),unverified (host blocked),0,unverified,unverified (host blocked),0,"Meta +3, Google +3, LinkedIn +1, CTA +1 pending audit",Search-verified tool; no <50-headcount or bootstrapped evidence found in results.
69,Crelate,unverified,https://www.facebook.com/ads/library/?active_status=active&ad_type=all&country=US&q=Crelate&search_type=keyword_unordered&media_type=all,unverified (host blocked),unverified (host blocked),unverified (host blocked),unverified (host blocked),unverified (host blocked),unverified (domain unknown),unverified (host blocked),unverified (host blocked),unverified (host blocked),unverified (host blocked),https://www.linkedin.com/ad-library/search?keyword=Crelate,unverified (host blocked),unverified (host blocked),0,unverified,unverified (host blocked),0,"Meta +3, Google +3, LinkedIn +1, CTA +1 pending audit",Search-verified tool; no <50-headcount or bootstrapped evidence found in results.
77,HawkSoft,hawksoft.com,https://www.facebook.com/ads/library/?active_status=active&ad_type=all&country=US&q=HawkSoft&search_type=keyword_unordered&media_type=all,unverified (host blocked),unverified (host blocked),unverified (host blocked),unverified (host blocked),unverified (host blocked),https://adstransparency.google.com/?region=US&domain=hawksoft.com,unverified (host blocked),unverified (host blocked),unverified (host blocked),unverified (host blocked),https://www.linkedin.com/ad-library/search?keyword=HawkSoft,unverified (host blocked),unverified (host blocked),0,unverified,unverified (host blocked),0,"Meta +3, Google +3, LinkedIn +1, CTA +1 pending audit",Search-verified tool; no <50-headcount or bootstrapped evidence found in results.
77,Momentum AMP (formerly NowCerts),momentumamp.com,https://www.facebook.com/ads/library/?active_status=active&ad_type=all&country=US&q=Momentum%20AMP%20%28formerly%20NowCerts%29&search_type=keyword_unordered&media_type=all,unverified (host blocked),unverified (host blocked),unverified (host blocked),unverified (host blocked),unverified (host blocked),https://adstransparency.google.com/?region=US&domain=momentumamp.com,unverified (host blocked),unverified (host blocked),unverified (host blocked),unverified (host blocked),https://www.linkedin.com/ad-library/search?keyword=Momentum%20AMP%20%28formerly%20NowCerts%29,unverified (host blocked),unverified (host blocked),0,unverified,unverified (host blocked),0,"Meta +3, Google +3, LinkedIn +1, CTA +1 pending audit",Search-verified tool; no <50-headcount or bootstrapped evidence found in results.
77,EZLynx (Applied Systems),ezlynx.com,https://www.facebook.com/ads/library/?active_status=active&ad_type=all&country=US&q=EZLynx%20%28Applied%20Systems%29&search_type=keyword_unordered&media_type=all,unverified (host blocked),unverified (host blocked),unverified (host blocked),unverified (host blocked),unverified (host blocked),https://adstransparency.google.com/?region=US&domain=ezlynx.com,unverified (host blocked),unverified (host blocked),unverified (host blocked),unverified (host blocked),https://www.linkedin.com/ad-library/search?keyword=EZLynx%20%28Applied%20Systems%29,unverified (host blocked),unverified (host blocked),0,unverified,unverified (host blocked),0,"Meta +3, Google +3, LinkedIn +1, CTA +1 pending audit",Search-verified tool; no <50-headcount or bootstrapped evidence found in results.
77,AgencyZoom (Vertafore),unverified,https://www.facebook.com/ads/library/?active_status=active&ad_type=all&country=US&q=AgencyZoom%20%28Vertafore%29&search_type=keyword_unordered&media_type=all,unverified (host blocked),unverified (host blocked),unverified (host blocked),unverified (host blocked),unverified (host blocked),unverified (domain unknown),unverified (host blocked),unverified (host blocked),unverified (host blocked),unverified (host blocked),https://www.linkedin.com/ad-library/search?keyword=AgencyZoom%20%28Vertafore%29,unverified (host blocked),unverified (host blocked),0,unverified,unverified (host blocked),0,"Meta +3, Google +3, LinkedIn +1, CTA +1 pending audit",Search-verified tool; no <50-headcount or bootstrapped evidence found in results.
77,GloveBox (Better Agency),glovebox.io,https://www.facebook.com/ads/library/?active_status=active&ad_type=all&country=US&q=GloveBox%20%28Better%20Agency%29&search_type=keyword_unordered&media_type=all,unverified (host blocked),unverified (host blocked),unverified (host blocked),unverified (host blocked),unverified (host blocked),https://adstransparency.google.com/?region=US&domain=glovebox.io,unverified (host blocked),unverified (host blocked),unverified (host blocked),unverified (host blocked),https://www.linkedin.com/ad-library/search?keyword=GloveBox%20%28Better%20Agency%29,unverified (host blocked),unverified (host blocked),0,unverified,unverified (host blocked),0,"Meta +3, Google +3, LinkedIn +1, CTA +1 pending audit",Search-verified tool; no <50-headcount or bootstrapped evidence found in results.
77,HubSpot CRM for Insurance,hubspot.com,https://www.facebook.com/ads/library/?active_status=active&ad_type=all&country=US&q=HubSpot%20CRM%20for%20Insurance&search_type=keyword_unordered&media_type=all,unverified (host blocked),unverified (host blocked),unverified (host blocked),unverified (host blocked),unverified (host blocked),https://adstransparency.google.com/?region=US&domain=hubspot.com,unverified (host blocked),unverified (host blocked),unverified (host blocked),unverified (host blocked),https://www.linkedin.com/ad-library/search?keyword=HubSpot%20CRM%20for%20Insurance,unverified (host blocked),unverified (host blocked),0,unverified,unverified (host blocked),0,"Meta +3, Google +3, LinkedIn +1, CTA +1 pending audit",Search-verified tool; no <50-headcount or bootstrapped evidence found in results.
77,Applied Epic,appliedsystems.com,https://www.facebook.com/ads/library/?active_status=active&ad_type=all&country=US&q=Applied%20Epic&search_type=keyword_unordered&media_type=all,unverified (host blocked),unverified (host blocked),unverified (host blocked),unverified (host blocked),unverified (host blocked),https://adstransparency.google.com/?region=US&domain=appliedsystems.com,unverified (host blocked),unverified (host blocked),unverified (host blocked),unverified (host blocked),https://www.linkedin.com/ad-library/search?keyword=Applied%20Epic,unverified (host blocked),unverified (host blocked),0,unverified,unverified (host blocked),0,"Meta +3, Google +3, LinkedIn +1, CTA +1 pending audit",Search-verified tool; no <50-headcount or bootstrapped evidence found in results.
84,Urable,urable.com,https://www.facebook.com/ads/library/?active_status=active&ad_type=all&country=US&q=Urable&search_type=keyword_unordered&media_type=all,unverified (host blocked),unverified (host blocked),unverified (host blocked),unverified (host blocked),unverified (host blocked),https://adstransparency.google.com/?region=US&domain=urable.com,unverified (host blocked),unverified (host blocked),unverified (host blocked),unverified (host blocked),https://www.linkedin.com/ad-library/search?keyword=Urable,unverified (host blocked),unverified (host blocked),0,unverified,unverified (host blocked),0,"Meta +3, Google +3, LinkedIn +1, CTA +1 pending audit",Search-verified tool; no <50-headcount or bootstrapped evidence found in results.
84,OrbisX,orbisx.com,https://www.facebook.com/ads/library/?active_status=active&ad_type=all&country=US&q=OrbisX&search_type=keyword_unordered&media_type=all,unverified (host blocked),unverified (host blocked),unverified (host blocked),unverified (host blocked),unverified (host blocked),https://adstransparency.google.com/?region=US&domain=orbisx.com,unverified (host blocked),unverified (host blocked),unverified (host blocked),unverified (host blocked),https://www.linkedin.com/ad-library/search?keyword=OrbisX,unverified (host blocked),unverified (host blocked),2,https://tracxn.com/d/companies/orbisx/__33gOauGN9noLUr8zKVsuRURkhMP0mhEW0dDMHtY9N6I,unverified (host blocked),2,"Meta +3, Google +3, LinkedIn +1, CTA +1 pending audit",Search-verified tool; all platform counts await local scraper run.
84,ROXO Hub,roxohub.com,https://www.facebook.com/ads/library/?active_status=active&ad_type=all&country=US&q=ROXO%20Hub&search_type=keyword_unordered&media_type=all,unverified (host blocked),unverified (host blocked),unverified (host blocked),unverified (host blocked),unverified (host blocked),https://adstransparency.google.com/?region=US&domain=roxohub.com,unverified (host blocked),unverified (host blocked),unverified (host blocked),unverified (host blocked),https://www.linkedin.com/ad-library/search?keyword=ROXO%20Hub,unverified (host blocked),unverified (host blocked),0,unverified,unverified (host blocked),0,"Meta +3, Google +3, LinkedIn +1, CTA +1 pending audit",Search-verified tool; no <50-headcount or bootstrapped evidence found in results.
84,Anolla,anolla.com,https://www.facebook.com/ads/library/?active_status=active&ad_type=all&country=US&q=Anolla&search_type=keyword_unordered&media_type=all,unverified (host blocked),unverified (host blocked),unverified (host blocked),unverified (host blocked),unverified (host blocked),https://adstransparency.google.com/?region=US&domain=anolla.com,unverified (host blocked),unverified (host blocked),unverified (host blocked),unverified (host blocked),https://www.linkedin.com/ad-library/search?keyword=Anolla,unverified (host blocked),unverified (host blocked),0,unverified,unverified (host blocked),0,"Meta +3, Google +3, LinkedIn +1, CTA +1 pending audit",Search-verified tool; no <50-headcount or bootstrapped evidence found in results.
84,QuoteIQ (mobile detailing),myquoteiq.com,https://www.facebook.com/ads/library/?active_status=active&ad_type=all&country=US&q=QuoteIQ%20%28mobile%20detailing%29&search_type=keyword_unordered&media_type=all,unverified (host blocked),unverified (host blocked),unverified (host blocked),unverified (host blocked),unverified (host blocked),https://adstransparency.google.com/?region=US&domain=myquoteiq.com,unverified (host blocked),unverified (host blocked),unverified (host blocked),unverified (host blocked),https://www.linkedin.com/ad-library/search?keyword=QuoteIQ%20%28mobile%20detailing%29,unverified (host blocked),unverified (host blocked),2,https://myquoteiq.com/about-us/,unverified (host blocked),2,"Meta +3, Google +3, LinkedIn +1, CTA +1 pending audit",Search-verified tool; all platform counts await local scraper run.
84,AutoHustl,autohustl.com,https://www.facebook.com/ads/library/?active_status=active&ad_type=all&country=US&q=AutoHustl&search_type=keyword_unordered&media_type=all,unverified (host blocked),unverified (host blocked),unverified (host blocked),unverified (host blocked),unverified (host blocked),https://adstransparency.google.com/?region=US&domain=autohustl.com,unverified (host blocked),unverified (host blocked),unverified (host blocked),unverified (host blocked),https://www.linkedin.com/ad-library/search?keyword=AutoHustl,unverified (host blocked),unverified (host blocked),0,unverified,unverified (host blocked),0,"Meta +3, Google +3, LinkedIn +1, CTA +1 pending audit",Search-verified tool; no <50-headcount or bootstrapped evidence found in results.
92,Tai TMS,tai-software.com,https://www.facebook.com/ads/library/?active_status=active&ad_type=all&country=US&q=Tai%20TMS&search_type=keyword_unordered&media_type=all,unverified (host blocked),unverified (host blocked),unverified (host blocked),unverified (host blocked),unverified (host blocked),https://adstransparency.google.com/?region=US&domain=tai-software.com,unverified (host blocked),unverified (host blocked),unverified (host blocked),unverified (host blocked),https://www.linkedin.com/ad-library/search?keyword=Tai%20TMS,unverified (host blocked),unverified (host blocked),0,unverified,unverified (host blocked),0,"Meta +3, Google +3, LinkedIn +1, CTA +1 pending audit",Search-verified tool; no <50-headcount or bootstrapped evidence found in results.
92,AscendTMS (InMotion Global),thefreetms.com,https://www.facebook.com/ads/library/?active_status=active&ad_type=all&country=US&q=AscendTMS%20%28InMotion%20Global%29&search_type=keyword_unordered&media_type=all,unverified (host blocked),unverified (host blocked),unverified (host blocked),unverified (host blocked),unverified (host blocked),https://adstransparency.google.com/?region=US&domain=thefreetms.com,unverified (host blocked),unverified (host blocked),unverified (host blocked),unverified (host blocked),https://www.linkedin.com/ad-library/search?keyword=AscendTMS%20%28InMotion%20Global%29,unverified (host blocked),unverified (host blocked),0,unverified,unverified (host blocked),0,"Meta +3, Google +3, LinkedIn +1, CTA +1 pending audit",Search-verified tool; no <50-headcount or bootstrapped evidence found in results.
92,ARK TMS,arktms.com,https://www.facebook.com/ads/library/?active_status=active&ad_type=all&country=US&q=ARK%20TMS&search_type=keyword_unordered&media_type=all,unverified (host blocked),unverified (host blocked),unverified (host blocked),unverified (host blocked),unverified (host blocked),https://adstransparency.google.com/?region=US&domain=arktms.com,unverified (host blocked),unverified (host blocked),unverified (host blocked),unverified (host blocked),https://www.linkedin.com/ad-library/search?keyword=ARK%20TMS,unverified (host blocked),unverified (host blocked),0,unverified,unverified (host blocked),0,"Meta +3, Google +3, LinkedIn +1, CTA +1 pending audit",Search-verified tool; no <50-headcount or bootstrapped evidence found in results.
92,BrokerPro TMS,brokerpro.com,https://www.facebook.com/ads/library/?active_status=active&ad_type=all&country=US&q=BrokerPro%20TMS&search_type=keyword_unordered&media_type=all,unverified (host blocked),unverified (host blocked),unverified (host blocked),unverified (host blocked),unverified (host blocked),https://adstransparency.google.com/?region=US&domain=brokerpro.com,unverified (host blocked),unverified (host blocked),unverified (host blocked),unverified (host blocked),https://www.linkedin.com/ad-library/search?keyword=BrokerPro%20TMS,unverified (host blocked),unverified (host blocked),0,unverified,unverified (host blocked),0,"Meta +3, Google +3, LinkedIn +1, CTA +1 pending audit",Search-verified tool; no <50-headcount or bootstrapped evidence found in results.
92,Revenova TMS,revenova.com,https://www.facebook.com/ads/library/?active_status=active&ad_type=all&country=US&q=Revenova%20TMS&search_type=keyword_unordered&media_type=all,unverified (host blocked),unverified (host blocked),unverified (host blocked),unverified (host blocked),unverified (host blocked),https://adstransparency.google.com/?region=US&domain=revenova.com,unverified (host blocked),unverified (host blocked),unverified (host blocked),unverified (host blocked),https://www.linkedin.com/ad-library/search?keyword=Revenova%20TMS,unverified (host blocked),unverified (host blocked),0,unverified,unverified (host blocked),0,"Meta +3, Google +3, LinkedIn +1, CTA +1 pending audit",Search-verified tool; no <50-headcount or bootstrapped evidence found in results.
92,Turvo,unverified,https://www.facebook.com/ads/library/?active_status=active&ad_type=all&country=US&q=Turvo&search_type=keyword_unordered&media_type=all,unverified (host blocked),unverified (host blocked),unverified (host blocked),unverified (host blocked),unverified (host blocked),unverified (domain unknown),unverified (host blocked),unverified (host blocked),unverified (host blocked),unverified (host blocked),https://www.linkedin.com/ad-library/search?keyword=Turvo,unverified (host blocked),unverified (host blocked),0,unverified,unverified (host blocked),0,"Meta +3, Google +3, LinkedIn +1, CTA +1 pending audit",Search-verified tool; no <50-headcount or bootstrapped evidence found in results.
92,Aljex,aljex.com,https://www.facebook.com/ads/library/?active_status=active&ad_type=all&country=US&q=Aljex&search_type=keyword_unordered&media_type=all,unverified (host blocked),unverified (host blocked),unverified (host blocked),unverified (host blocked),unverified (host blocked),https://adstransparency.google.com/?region=US&domain=aljex.com,unverified (host blocked),unverified (host blocked),unverified (host blocked),unverified (host blocked),https://www.linkedin.com/ad-library/search?keyword=Aljex,unverified (host blocked),unverified (host blocked),0,unverified,unverified (host blocked),0,"Meta +3, Google +3, LinkedIn +1, CTA +1 pending audit",Search-verified tool; no <50-headcount or bootstrapped evidence found in results.
100,Extensiv 3PL Warehouse Manager,extensiv.com,https://www.facebook.com/ads/library/?active_status=active&ad_type=all&country=US&q=Extensiv%203PL%20Warehouse%20Manager&search_type=keyword_unordered&media_type=all,unverified (host blocked),unverified (host blocked),unverified (host blocked),unverified (host blocked),unverified (host blocked),https://adstransparency.google.com/?region=US&domain=extensiv.com,unverified (host blocked),unverified (host blocked),unverified (host blocked),unverified (host blocked),https://www.linkedin.com/ad-library/search?keyword=Extensiv%203PL%20Warehouse%20Manager,unverified (host blocked),unverified (host blocked),0,unverified,unverified (host blocked),0,"Meta +3, Google +3, LinkedIn +1, CTA +1 pending audit",Search-verified tool; no <50-headcount or bootstrapped evidence found in results.
100,ShipHero,unverified,https://www.facebook.com/ads/library/?active_status=active&ad_type=all&country=US&q=ShipHero&search_type=keyword_unordered&media_type=all,unverified (host blocked),unverified (host blocked),unverified (host blocked),unverified (host blocked),unverified (host blocked),unverified (domain unknown),unverified (host blocked),unverified (host blocked),unverified (host blocked),unverified (host blocked),https://www.linkedin.com/ad-library/search?keyword=ShipHero,unverified (host blocked),unverified (host blocked),0,unverified,unverified (host blocked),0,"Meta +3, Google +3, LinkedIn +1, CTA +1 pending audit",Search-verified tool; no <50-headcount or bootstrapped evidence found in results.
100,Logiwa,logiwa.com,https://www.facebook.com/ads/library/?active_status=active&ad_type=all&country=US&q=Logiwa&search_type=keyword_unordered&media_type=all,unverified (host blocked),unverified (host blocked),unverified (host blocked),unverified (host blocked),unverified (host blocked),https://adstransparency.google.com/?region=US&domain=logiwa.com,unverified (host blocked),unverified (host blocked),unverified (host blocked),unverified (host blocked),https://www.linkedin.com/ad-library/search?keyword=Logiwa,unverified (host blocked),unverified (host blocked),0,unverified,unverified (host blocked),0,"Meta +3, Google +3, LinkedIn +1, CTA +1 pending audit",Search-verified tool; no <50-headcount or bootstrapped evidence found in results.
100,Packiyo,packiyo.com,https://www.facebook.com/ads/library/?active_status=active&ad_type=all&country=US&q=Packiyo&search_type=keyword_unordered&media_type=all,unverified (host blocked),unverified (host blocked),unverified (host blocked),unverified (host blocked),unverified (host blocked),https://adstransparency.google.com/?region=US&domain=packiyo.com,unverified (host blocked),unverified (host blocked),unverified (host blocked),unverified (host blocked),https://www.linkedin.com/ad-library/search?keyword=Packiyo,unverified (host blocked),unverified (host blocked),2,https://tracxn.com/d/companies/packiyo/__OYcTVq8H3ggyvflibz1KFiU70WxcdNRb9_HY2WlzYuo,unverified (host blocked),2,"Meta +3, Google +3, LinkedIn +1, CTA +1 pending audit",Search-verified tool; all platform counts await local scraper run.
100,Packem WMS,packemwms.com,https://www.facebook.com/ads/library/?active_status=active&ad_type=all&country=US&q=Packem%20WMS&search_type=keyword_unordered&media_type=all,unverified (host blocked),unverified (host blocked),unverified (host blocked),unverified (host blocked),unverified (host blocked),https://adstransparency.google.com/?region=US&domain=packemwms.com,unverified (host blocked),unverified (host blocked),unverified (host blocked),unverified (host blocked),https://www.linkedin.com/ad-library/search?keyword=Packem%20WMS,unverified (host blocked),unverified (host blocked),0,unverified,unverified (host blocked),0,"Meta +3, Google +3, LinkedIn +1, CTA +1 pending audit",Search-verified tool; no <50-headcount or bootstrapped evidence found in results.
100,Deposco,deposco.com,https://www.facebook.com/ads/library/?active_status=active&ad_type=all&country=US&q=Deposco&search_type=keyword_unordered&media_type=all,unverified (host blocked),unverified (host blocked),unverified (host blocked),unverified (host blocked),unverified (host blocked),https://adstransparency.google.com/?region=US&domain=deposco.com,unverified (host blocked),unverified (host blocked),unverified (host blocked),unverified (host blocked),https://www.linkedin.com/ad-library/search?keyword=Deposco,unverified (host blocked),unverified (host blocked),0,unverified,unverified (host blocked),0,"Meta +3, Google +3, LinkedIn +1, CTA +1 pending audit",Search-verified tool; no <50-headcount or bootstrapped evidence found in results.
107,Cents,trycents.com,https://www.facebook.com/ads/library/?active_status=active&ad_type=all&country=US&q=Cents&search_type=keyword_unordered&media_type=all,unverified (host blocked),unverified (host blocked),unverified (host blocked),unverified (host blocked),unverified (host blocked),https://adstransparency.google.com/?region=US&domain=trycents.com,unverified (host blocked),unverified (host blocked),unverified (host blocked),unverified (host blocked),https://www.linkedin.com/ad-library/search?keyword=Cents,unverified (host blocked),unverified (host blocked),0,unverified,unverified (host blocked),0,"Meta +3, Google +3, LinkedIn +1, CTA +1 pending audit",Search-verified tool; no <50-headcount or bootstrapped evidence found in results.
107,Curbside Laundries,curbsidelaundries.com,https://www.facebook.com/ads/library/?active_status=active&ad_type=all&country=US&q=Curbside%20Laundries&search_type=keyword_unordered&media_type=all,unverified (host blocked),unverified (host blocked),unverified (host blocked),unverified (host blocked),unverified (host blocked),https://adstransparency.google.com/?region=US&domain=curbsidelaundries.com,unverified (host blocked),unverified (host blocked),unverified (host blocked),unverified (host blocked),https://www.linkedin.com/ad-library/search?keyword=Curbside%20Laundries,unverified (host blocked),unverified (host blocked),0,unverified,unverified (host blocked),0,"Meta +3, Google +3, LinkedIn +1, CTA +1 pending audit",Search-verified tool; no <50-headcount or bootstrapped evidence found in results.
107,CleanCloud,cleancloudapp.com,https://www.facebook.com/ads/library/?active_status=active&ad_type=all&country=US&q=CleanCloud&search_type=keyword_unordered&media_type=all,unverified (host blocked),unverified (host blocked),unverified (host blocked),unverified (host blocked),unverified (host blocked),https://adstransparency.google.com/?region=US&domain=cleancloudapp.com,unverified (host blocked),unverified (host blocked),unverified (host blocked),unverified (host blocked),https://www.linkedin.com/ad-library/search?keyword=CleanCloud,unverified (host blocked),unverified (host blocked),2,https://pitchbook.com/profiles/company/228558-61,unverified (host blocked),2,"Meta +3, Google +3, LinkedIn +1, CTA +1 pending audit",Search-verified tool; all platform counts await local scraper run.
107,Wash-Dry-Fold POS,washdryfoldpos.com,https://www.facebook.com/ads/library/?active_status=active&ad_type=all&country=US&q=Wash-Dry-Fold%20POS&search_type=keyword_unordered&media_type=all,unverified (host blocked),unverified (host blocked),unverified (host blocked),unverified (host blocked),unverified (host blocked),https://adstransparency.google.com/?region=US&domain=washdryfoldpos.com,unverified (host blocked),unverified (host blocked),unverified (host blocked),unverified (host blocked),https://www.linkedin.com/ad-library/search?keyword=Wash-Dry-Fold%20POS,unverified (host blocked),unverified (host blocked),0,unverified,unverified (host blocked),0,"Meta +3, Google +3, LinkedIn +1, CTA +1 pending audit",Search-verified tool; no <50-headcount or bootstrapped evidence found in results.
107,LaundryMatch / LaunderPay,getlaundrymatch.com,https://www.facebook.com/ads/library/?active_status=active&ad_type=all&country=US&q=LaundryMatch%20%2F%20LaunderPay&search_type=keyword_unordered&media_type=all,unverified (host blocked),unverified (host blocked),unverified (host blocked),unverified (host blocked),unverified (host blocked),https://adstransparency.google.com/?region=US&domain=getlaundrymatch.com,unverified (host blocked),unverified (host blocked),unverified (host blocked),unverified (host blocked),https://www.linkedin.com/ad-library/search?keyword=LaundryMatch%20%2F%20LaunderPay,unverified (host blocked),unverified (host blocked),0,unverified,unverified (host blocked),0,"Meta +3, Google +3, LinkedIn +1, CTA +1 pending audit",Search-verified tool; no <50-headcount or bootstrapped evidence found in results.
107,The Laundry Boss,thelaundryboss.com,https://www.facebook.com/ads/library/?active_status=active&ad_type=all&country=US&q=The%20Laundry%20Boss&search_type=keyword_unordered&media_type=all,unverified (host blocked),unverified (host blocked),unverified (host blocked),unverified (host blocked),unverified (host blocked),https://adstransparency.google.com/?region=US&domain=thelaundryboss.com,unverified (host blocked),unverified (host blocked),unverified (host blocked),unverified (host blocked),https://www.linkedin.com/ad-library/search?keyword=The%20Laundry%20Boss,unverified (host blocked),unverified (host blocked),0,unverified,unverified (host blocked),0,"Meta +3, Google +3, LinkedIn +1, CTA +1 pending audit",Search-verified tool; no <50-headcount or bootstrapped evidence found in results.
114,FastBound,fastbound.com,https://www.facebook.com/ads/library/?active_status=active&ad_type=all&country=US&q=FastBound&search_type=keyword_unordered&media_type=all,unverified (host blocked),unverified (host blocked),unverified (host blocked),unverified (host blocked),unverified (host blocked),https://adstransparency.google.com/?region=US&domain=fastbound.com,unverified (host blocked),unverified (host blocked),unverified (host blocked),unverified (host blocked),https://www.linkedin.com/ad-library/search?keyword=FastBound,unverified (host blocked),unverified (host blocked),0,unverified,unverified (host blocked),0,"Meta +3, Google +3, LinkedIn +1, CTA +1 pending audit",Search-verified tool; no <50-headcount or bootstrapped evidence found in results.
114,Orchid eBound (Orchid LLC),orchidadvisors.com,https://www.facebook.com/ads/library/?active_status=active&ad_type=all&country=US&q=Orchid%20eBound%20%28Orchid%20LLC%29&search_type=keyword_unordered&media_type=all,unverified (host blocked),unverified (host blocked),unverified (host blocked),unverified (host blocked),unverified (host blocked),https://adstransparency.google.com/?region=US&domain=orchidadvisors.com,unverified (host blocked),unverified (host blocked),unverified (host blocked),unverified (host blocked),https://www.linkedin.com/ad-library/search?keyword=Orchid%20eBound%20%28Orchid%20LLC%29,unverified (host blocked),unverified (host blocked),2,https://rocketreach.co/orchid-advisors-1-in-ffl-compliance-profile_b5c20062f42e0ebc,unverified (host blocked),2,"Meta +3, Google +3, LinkedIn +1, CTA +1 pending audit",Search-verified tool; all platform counts await local scraper run.
114,Bravo Store Systems,bravostoresystems.com,https://www.facebook.com/ads/library/?active_status=active&ad_type=all&country=US&q=Bravo%20Store%20Systems&search_type=keyword_unordered&media_type=all,unverified (host blocked),unverified (host blocked),unverified (host blocked),unverified (host blocked),unverified (host blocked),https://adstransparency.google.com/?region=US&domain=bravostoresystems.com,unverified (host blocked),unverified (host blocked),unverified (host blocked),unverified (host blocked),https://www.linkedin.com/ad-library/search?keyword=Bravo%20Store%20Systems,unverified (host blocked),unverified (host blocked),0,unverified,unverified (host blocked),0,"Meta +3, Google +3, LinkedIn +1, CTA +1 pending audit",Search-verified tool; no <50-headcount or bootstrapped evidence found in results.
114,Gearfire AXIS,gogearfire.com,https://www.facebook.com/ads/library/?active_status=active&ad_type=all&country=US&q=Gearfire%20AXIS&search_type=keyword_unordered&media_type=all,unverified (host blocked),unverified (host blocked),unverified (host blocked),unverified (host blocked),unverified (host blocked),https://adstransparency.google.com/?region=US&domain=gogearfire.com,unverified (host blocked),unverified (host blocked),unverified (host blocked),unverified (host blocked),https://www.linkedin.com/ad-library/search?keyword=Gearfire%20AXIS,unverified (host blocked),unverified (host blocked),0,unverified,unverified (host blocked),0,"Meta +3, Google +3, LinkedIn +1, CTA +1 pending audit",Search-verified tool; no <50-headcount or bootstrapped evidence found in results.
114,Coreware (coreSTORE / coreFFL),unverified,https://www.facebook.com/ads/library/?active_status=active&ad_type=all&country=US&q=Coreware%20%28coreSTORE%20%2F%20coreFFL%29&search_type=keyword_unordered&media_type=all,unverified (host blocked),unverified (host blocked),unverified (host blocked),unverified (host blocked),unverified (host blocked),unverified (domain unknown),unverified (host blocked),unverified (host blocked),unverified (host blocked),unverified (host blocked),https://www.linkedin.com/ad-library/search?keyword=Coreware%20%28coreSTORE%20%2F%20coreFFL%29,unverified (host blocked),unverified (host blocked),0,unverified,unverified (host blocked),0,"Meta +3, Google +3, LinkedIn +1, CTA +1 pending audit",Search-verified tool; no <50-headcount or bootstrapped evidence found in results.
114,Rapid Gun Systems,rapidgunsystems.com,https://www.facebook.com/ads/library/?active_status=active&ad_type=all&country=US&q=Rapid%20Gun%20Systems&search_type=keyword_unordered&media_type=all,unverified (host blocked),unverified (host blocked),unverified (host blocked),unverified (host blocked),unverified (host blocked),https://adstransparency.google.com/?region=US&domain=rapidgunsystems.com,unverified (host blocked),unverified (host blocked),unverified (host blocked),unverified (host blocked),https://www.linkedin.com/ad-library/search?keyword=Rapid%20Gun%20Systems,unverified (host blocked),unverified (host blocked),0,unverified,unverified (host blocked),0,"Meta +3, Google +3, LinkedIn +1, CTA +1 pending audit",Search-verified tool; no <50-headcount or bootstrapped evidence found in results.
114,AIM POS,aim-pos.com,https://www.facebook.com/ads/library/?active_status=active&ad_type=all&country=US&q=AIM%20POS&search_type=keyword_unordered&media_type=all,unverified (host blocked),unverified (host blocked),unverified (host blocked),unverified (host blocked),unverified (host blocked),https://adstransparency.google.com/?region=US&domain=aim-pos.com,unverified (host blocked),unverified (host blocked),unverified (host blocked),unverified (host blocked),https://www.linkedin.com/ad-library/search?keyword=AIM%20POS,unverified (host blocked),unverified (host blocked),0,unverified,unverified (host blocked),0,"Meta +3, Google +3, LinkedIn +1, CTA +1 pending audit",Search-verified tool; no <50-headcount or bootstrapped evidence found in results.
114,BoundPro,boundpro.app,https://www.facebook.com/ads/library/?active_status=active&ad_type=all&country=US&q=BoundPro&search_type=keyword_unordered&media_type=all,unverified (host blocked),unverified (host blocked),unverified (host blocked),unverified (host blocked),unverified (host blocked),https://adstransparency.google.com/?region=US&domain=boundpro.app,unverified (host blocked),unverified (host blocked),unverified (host blocked),unverified (host blocked),https://www.linkedin.com/ad-library/search?keyword=BoundPro,unverified (host blocked),unverified (host blocked),0,unverified,unverified (host blocked),0,"Meta +3, Google +3, LinkedIn +1, CTA +1 pending audit",Search-verified tool; no <50-headcount or bootstrapped evidence found in results.
121,Passare,passare.com,https://www.facebook.com/ads/library/?active_status=active&ad_type=all&country=US&q=Passare&search_type=keyword_unordered&media_type=all,unverified (host blocked),unverified (host blocked),unverified (host blocked),unverified (host blocked),unverified (host blocked),https://adstransparency.google.com/?region=US&domain=passare.com,unverified (host blocked),unverified (host blocked),unverified (host blocked),unverified (host blocked),https://www.linkedin.com/ad-library/search?keyword=Passare,unverified (host blocked),unverified (host blocked),0,unverified,unverified (host blocked),0,"Meta +3, Google +3, LinkedIn +1, CTA +1 pending audit",Search-verified tool; no <50-headcount or bootstrapped evidence found in results.
121,Osiris Software,osirissoftware.com,https://www.facebook.com/ads/library/?active_status=active&ad_type=all&country=US&q=Osiris%20Software&search_type=keyword_unordered&media_type=all,unverified (host blocked),unverified (host blocked),unverified (host blocked),unverified (host blocked),unverified (host blocked),https://adstransparency.google.com/?region=US&domain=osirissoftware.com,unverified (host blocked),unverified (host blocked),unverified (host blocked),unverified (host blocked),https://www.linkedin.com/ad-library/search?keyword=Osiris%20Software,unverified (host blocked),unverified (host blocked),2,https://www.zoominfo.com/c/osiris-software/356518964,unverified (host blocked),2,"Meta +3, Google +3, LinkedIn +1, CTA +1 pending audit",Search-verified tool; all platform counts await local scraper run.
121,CRaKN (Tribute Management Software),unverified,https://www.facebook.com/ads/library/?active_status=active&ad_type=all&country=US&q=CRaKN%20%28Tribute%20Management%20Software%29&search_type=keyword_unordered&media_type=all,unverified (host blocked),unverified (host blocked),unverified (host blocked),unverified (host blocked),unverified (host blocked),unverified (domain unknown),unverified (host blocked),unverified (host blocked),unverified (host blocked),unverified (host blocked),https://www.linkedin.com/ad-library/search?keyword=CRaKN%20%28Tribute%20Management%20Software%29,unverified (host blocked),unverified (host blocked),0,unverified,unverified (host blocked),0,"Meta +3, Google +3, LinkedIn +1, CTA +1 pending audit",Search-verified tool; no <50-headcount or bootstrapped evidence found in results.
121,Parting Pro (Tribute Technology),partingpro.com,https://www.facebook.com/ads/library/?active_status=active&ad_type=all&country=US&q=Parting%20Pro%20%28Tribute%20Technology%29&search_type=keyword_unordered&media_type=all,unverified (host blocked),unverified (host blocked),unverified (host blocked),unverified (host blocked),unverified (host blocked),https://adstransparency.google.com/?region=US&domain=partingpro.com,unverified (host blocked),unverified (host blocked),unverified (host blocked),unverified (host blocked),https://www.linkedin.com/ad-library/search?keyword=Parting%20Pro%20%28Tribute%20Technology%29,unverified (host blocked),unverified (host blocked),0,unverified,unverified (host blocked),0,"Meta +3, Google +3, LinkedIn +1, CTA +1 pending audit",Search-verified tool; no <50-headcount or bootstrapped evidence found in results.
121,Gather,gather.app,https://www.facebook.com/ads/library/?active_status=active&ad_type=all&country=US&q=Gather&search_type=keyword_unordered&media_type=all,unverified (host blocked),unverified (host blocked),unverified (host blocked),unverified (host blocked),unverified (host blocked),https://adstransparency.google.com/?region=US&domain=gather.app,unverified (host blocked),unverified (host blocked),unverified (host blocked),unverified (host blocked),https://www.linkedin.com/ad-library/search?keyword=Gather,unverified (host blocked),unverified (host blocked),2,https://boisedev.com/news/2020/11/04/gather-funerals-meridian-idaho/,unverified (host blocked),2,"Meta +3, Google +3, LinkedIn +1, CTA +1 pending audit",Search-verified tool; all platform counts await local scraper run.
121,Halcyon Death Care Management Solutions,unverified,https://www.facebook.com/ads/library/?active_status=active&ad_type=all&country=US&q=Halcyon%20Death%20Care%20Management%20Solutions&search_type=keyword_unordered&media_type=all,unverified (host blocked),unverified (host blocked),unverified (host blocked),unverified (host blocked),unverified (host blocked),unverified (domain unknown),unverified (host blocked),unverified (host blocked),unverified (host blocked),unverified (host blocked),https://www.linkedin.com/ad-library/search?keyword=Halcyon%20Death%20Care%20Management%20Solutions,unverified (host blocked),unverified (host blocked),0,unverified,unverified (host blocked),0,"Meta +3, Google +3, LinkedIn +1, CTA +1 pending audit",Search-verified tool; no <50-headcount or bootstrapped evidence found in results.
128,GlossGenius,glossgenius.com,https://www.facebook.com/ads/library/?active_status=active&ad_type=all&country=US&q=GlossGenius&search_type=keyword_unordered&media_type=all,unverified (host blocked),unverified (host blocked),unverified (host blocked),unverified (host blocked),unverified (host blocked),https://adstransparency.google.com/?region=US&domain=glossgenius.com,unverified (host blocked),unverified (host blocked),unverified (host blocked),unverified (host blocked),https://www.linkedin.com/ad-library/search?keyword=GlossGenius,unverified (host blocked),unverified (host blocked),0,unverified,unverified (host blocked),0,"Meta +3, Google +3, LinkedIn +1, CTA +1 pending audit",Search-verified tool; no <50-headcount or bootstrapped evidence found in results.
128,Mangomint,mangomint.com,https://www.facebook.com/ads/library/?active_status=active&ad_type=all&country=US&q=Mangomint&search_type=keyword_unordered&media_type=all,unverified (host blocked),unverified (host blocked),unverified (host blocked),unverified (host blocked),unverified (host blocked),https://adstransparency.google.com/?region=US&domain=mangomint.com,unverified (host blocked),unverified (host blocked),unverified (host blocked),unverified (host blocked),https://www.linkedin.com/ad-library/search?keyword=Mangomint,unverified (host blocked),unverified (host blocked),0,unverified,unverified (host blocked),0,"Meta +3, Google +3, LinkedIn +1, CTA +1 pending audit",Search-verified tool; no <50-headcount or bootstrapped evidence found in results.
128,Vagaro,vagaro.com,https://www.facebook.com/ads/library/?active_status=active&ad_type=all&country=US&q=Vagaro&search_type=keyword_unordered&media_type=all,unverified (host blocked),unverified (host blocked),unverified (host blocked),unverified (host blocked),unverified (host blocked),https://adstransparency.google.com/?region=US&domain=vagaro.com,unverified (host blocked),unverified (host blocked),unverified (host blocked),unverified (host blocked),https://www.linkedin.com/ad-library/search?keyword=Vagaro,unverified (host blocked),unverified (host blocked),0,unverified,unverified (host blocked),0,"Meta +3, Google +3, LinkedIn +1, CTA +1 pending audit",Search-verified tool; no <50-headcount or bootstrapped evidence found in results.
128,Fresha,unverified,https://www.facebook.com/ads/library/?active_status=active&ad_type=all&country=US&q=Fresha&search_type=keyword_unordered&media_type=all,unverified (host blocked),unverified (host blocked),unverified (host blocked),unverified (host blocked),unverified (host blocked),unverified (domain unknown),unverified (host blocked),unverified (host blocked),unverified (host blocked),unverified (host blocked),https://www.linkedin.com/ad-library/search?keyword=Fresha,unverified (host blocked),unverified (host blocked),0,unverified,unverified (host blocked),0,"Meta +3, Google +3, LinkedIn +1, CTA +1 pending audit",Search-verified tool; no <50-headcount or bootstrapped evidence found in results.
128,Zenoti,zenoti.com,https://www.facebook.com/ads/library/?active_status=active&ad_type=all&country=US&q=Zenoti&search_type=keyword_unordered&media_type=all,unverified (host blocked),unverified (host blocked),unverified (host blocked),unverified (host blocked),unverified (host blocked),https://adstransparency.google.com/?region=US&domain=zenoti.com,unverified (host blocked),unverified (host blocked),unverified (host blocked),unverified (host blocked),https://www.linkedin.com/ad-library/search?keyword=Zenoti,unverified (host blocked),unverified (host blocked),0,unverified,unverified (host blocked),0,"Meta +3, Google +3, LinkedIn +1, CTA +1 pending audit",Search-verified tool; no <50-headcount or bootstrapped evidence found in results.
128,Boulevard,joinblvd.com,https://www.facebook.com/ads/library/?active_status=active&ad_type=all&country=US&q=Boulevard&search_type=keyword_unordered&media_type=all,unverified (host blocked),unverified (host blocked),unverified (host blocked),unverified (host blocked),unverified (host blocked),https://adstransparency.google.com/?region=US&domain=joinblvd.com,unverified (host blocked),unverified (host blocked),unverified (host blocked),unverified (host blocked),https://www.linkedin.com/ad-library/search?keyword=Boulevard,unverified (host blocked),unverified (host blocked),0,unverified,unverified (host blocked),0,"Meta +3, Google +3, LinkedIn +1, CTA +1 pending audit",Search-verified tool; no <50-headcount or bootstrapped evidence found in results.
135,RevolutionEHR (Rev360),revolutionehr.com,https://www.facebook.com/ads/library/?active_status=active&ad_type=all&country=US&q=RevolutionEHR%20%28Rev360%29&search_type=keyword_unordered&media_type=all,unverified (host blocked),unverified (host blocked),unverified (host blocked),unverified (host blocked),unverified (host blocked),https://adstransparency.google.com/?region=US&domain=revolutionehr.com,unverified (host blocked),unverified (host blocked),unverified (host blocked),unverified (host blocked),https://www.linkedin.com/ad-library/search?keyword=RevolutionEHR%20%28Rev360%29,unverified (host blocked),unverified (host blocked),0,unverified,unverified (host blocked),0,"Meta +3, Google +3, LinkedIn +1, CTA +1 pending audit",Search-verified tool; no <50-headcount or bootstrapped evidence found in results.
135,Crystal PM,crystalpm.com,https://www.facebook.com/ads/library/?active_status=active&ad_type=all&country=US&q=Crystal%20PM&search_type=keyword_unordered&media_type=all,unverified (host blocked),unverified (host blocked),unverified (host blocked),unverified (host blocked),unverified (host blocked),https://adstransparency.google.com/?region=US&domain=crystalpm.com,unverified (host blocked),unverified (host blocked),unverified (host blocked),unverified (host blocked),https://www.linkedin.com/ad-library/search?keyword=Crystal%20PM,unverified (host blocked),unverified (host blocked),2,https://rocketreach.co/crystal-practice-management-profile_b6a5d461c87e728f,unverified (host blocked),2,"Meta +3, Google +3, LinkedIn +1, CTA +1 pending audit",Search-verified tool; all platform counts await local scraper run.
135,Eyefinity (VSP Vision),eyefinity.com,https://www.facebook.com/ads/library/?active_status=active&ad_type=all&country=US&q=Eyefinity%20%28VSP%20Vision%29&search_type=keyword_unordered&media_type=all,unverified (host blocked),unverified (host blocked),unverified (host blocked),unverified (host blocked),unverified (host blocked),https://adstransparency.google.com/?region=US&domain=eyefinity.com,unverified (host blocked),unverified (host blocked),unverified (host blocked),unverified (host blocked),https://www.linkedin.com/ad-library/search?keyword=Eyefinity%20%28VSP%20Vision%29,unverified (host blocked),unverified (host blocked),0,unverified,unverified (host blocked),0,"Meta +3, Google +3, LinkedIn +1, CTA +1 pending audit",Search-verified tool; no <50-headcount or bootstrapped evidence found in results.
135,MaximEyes (First Insight),maximeyes.com,https://www.facebook.com/ads/library/?active_status=active&ad_type=all&country=US&q=MaximEyes%20%28First%20Insight%29&search_type=keyword_unordered&media_type=all,unverified (host blocked),unverified (host blocked),unverified (host blocked),unverified (host blocked),unverified (host blocked),https://adstransparency.google.com/?region=US&domain=maximeyes.com,unverified (host blocked),unverified (host blocked),unverified (host blocked),unverified (host blocked),https://www.linkedin.com/ad-library/search?keyword=MaximEyes%20%28First%20Insight%29,unverified (host blocked),unverified (host blocked),0,unverified,unverified (host blocked),0,"Meta +3, Google +3, LinkedIn +1, CTA +1 pending audit",Search-verified tool; no <50-headcount or bootstrapped evidence found in results.
135,Compulink Advantage,unverified,https://www.facebook.com/ads/library/?active_status=active&ad_type=all&country=US&q=Compulink%20Advantage&search_type=keyword_unordered&media_type=all,unverified (host blocked),unverified (host blocked),unverified (host blocked),unverified (host blocked),unverified (host blocked),unverified (domain unknown),unverified (host blocked),unverified (host blocked),unverified (host blocked),unverified (host blocked),https://www.linkedin.com/ad-library/search?keyword=Compulink%20Advantage,unverified (host blocked),unverified (host blocked),0,unverified,unverified (host blocked),0,"Meta +3, Google +3, LinkedIn +1, CTA +1 pending audit",Search-verified tool; no <50-headcount or bootstrapped evidence found in results.
135,Uprise (VisionWeb),unverified,https://www.facebook.com/ads/library/?active_status=active&ad_type=all&country=US&q=Uprise%20%28VisionWeb%29&search_type=keyword_unordered&media_type=all,unverified (host blocked),unverified (host blocked),unverified (host blocked),unverified (host blocked),unverified (host blocked),unverified (domain unknown),unverified (host blocked),unverified (host blocked),unverified (host blocked),unverified (host blocked),https://www.linkedin.com/ad-library/search?keyword=Uprise%20%28VisionWeb%29,unverified (host blocked),unverified (host blocked),0,unverified,unverified (host blocked),0,"Meta +3, Google +3, LinkedIn +1, CTA +1 pending audit",Search-verified tool; no <50-headcount or bootstrapped evidence found in results.
135,Glasson,glasson.app,https://www.facebook.com/ads/library/?active_status=active&ad_type=all&country=US&q=Glasson&search_type=keyword_unordered&media_type=all,unverified (host blocked),unverified (host blocked),unverified (host blocked),unverified (host blocked),unverified (host blocked),https://adstransparency.google.com/?region=US&domain=glasson.app,unverified (host blocked),unverified (host blocked),unverified (host blocked),unverified (host blocked),https://www.linkedin.com/ad-library/search?keyword=Glasson,unverified (host blocked),unverified (host blocked),0,unverified,unverified (host blocked),0,"Meta +3, Google +3, LinkedIn +1, CTA +1 pending audit",Search-verified tool; no <50-headcount or bootstrapped evidence found in results.
143,Kicksite,kicksite.com,https://www.facebook.com/ads/library/?active_status=active&ad_type=all&country=US&q=Kicksite&search_type=keyword_unordered&media_type=all,unverified (host blocked),unverified (host blocked),unverified (host blocked),unverified (host blocked),unverified (host blocked),https://adstransparency.google.com/?region=US&domain=kicksite.com,unverified (host blocked),unverified (host blocked),unverified (host blocked),unverified (host blocked),https://www.linkedin.com/ad-library/search?keyword=Kicksite,unverified (host blocked),unverified (host blocked),2,https://tracxn.com/d/companies/kicksite/__U4o3NqAPU8ZYut-X_QmgMTCQVmnFeqOouAaSRXHDM9Q,unverified (host blocked),2,"Meta +3, Google +3, LinkedIn +1, CTA +1 pending audit",Search-verified tool; all platform counts await local scraper run.
143,Spark Membership,sparkmembership.com,https://www.facebook.com/ads/library/?active_status=active&ad_type=all&country=US&q=Spark%20Membership&search_type=keyword_unordered&media_type=all,unverified (host blocked),unverified (host blocked),unverified (host blocked),unverified (host blocked),unverified (host blocked),https://adstransparency.google.com/?region=US&domain=sparkmembership.com,unverified (host blocked),unverified (host blocked),unverified (host blocked),unverified (host blocked),https://www.linkedin.com/ad-library/search?keyword=Spark%20Membership,unverified (host blocked),unverified (host blocked),0,unverified,unverified (host blocked),0,"Meta +3, Google +3, LinkedIn +1, CTA +1 pending audit",Search-verified tool; no <50-headcount or bootstrapped evidence found in results.
143,Zen Planner (Daxko),zenplanner.com,https://www.facebook.com/ads/library/?active_status=active&ad_type=all&country=US&q=Zen%20Planner%20%28Daxko%29&search_type=keyword_unordered&media_type=all,unverified (host blocked),unverified (host blocked),unverified (host blocked),unverified (host blocked),unverified (host blocked),https://adstransparency.google.com/?region=US&domain=zenplanner.com,unverified (host blocked),unverified (host blocked),unverified (host blocked),unverified (host blocked),https://www.linkedin.com/ad-library/search?keyword=Zen%20Planner%20%28Daxko%29,unverified (host blocked),unverified (host blocked),0,unverified,unverified (host blocked),0,"Meta +3, Google +3, LinkedIn +1, CTA +1 pending audit",Search-verified tool; no <50-headcount or bootstrapped evidence found in results.
143,Gymdesk,gymdesk.com,https://www.facebook.com/ads/library/?active_status=active&ad_type=all&country=US&q=Gymdesk&search_type=keyword_unordered&media_type=all,unverified (host blocked),unverified (host blocked),unverified (host blocked),unverified (host blocked),unverified (host blocked),https://adstransparency.google.com/?region=US&domain=gymdesk.com,unverified (host blocked),unverified (host blocked),unverified (host blocked),unverified (host blocked),https://www.linkedin.com/ad-library/search?keyword=Gymdesk,unverified (host blocked),unverified (host blocked),0,unverified,unverified (host blocked),0,"Meta +3, Google +3, LinkedIn +1, CTA +1 pending audit",Search-verified tool; no <50-headcount or bootstrapped evidence found in results.
143,PushPress,pushpress.com,https://www.facebook.com/ads/library/?active_status=active&ad_type=all&country=US&q=PushPress&search_type=keyword_unordered&media_type=all,unverified (host blocked),unverified (host blocked),unverified (host blocked),unverified (host blocked),unverified (host blocked),https://adstransparency.google.com/?region=US&domain=pushpress.com,unverified (host blocked),unverified (host blocked),unverified (host blocked),unverified (host blocked),https://www.linkedin.com/ad-library/search?keyword=PushPress,unverified (host blocked),unverified (host blocked),0,unverified,unverified (host blocked),0,"Meta +3, Google +3, LinkedIn +1, CTA +1 pending audit",Search-verified tool; no <50-headcount or bootstrapped evidence found in results.
151,foreUP (Clubessential),foreupgolf.com,https://www.facebook.com/ads/library/?active_status=active&ad_type=all&country=US&q=foreUP%20%28Clubessential%29&search_type=keyword_unordered&media_type=all,unverified (host blocked),unverified (host blocked),unverified (host blocked),unverified (host blocked),unverified (host blocked),https://adstransparency.google.com/?region=US&domain=foreupgolf.com,unverified (host blocked),unverified (host blocked),unverified (host blocked),unverified (host blocked),https://www.linkedin.com/ad-library/search?keyword=foreUP%20%28Clubessential%29,unverified (host blocked),unverified (host blocked),0,unverified,unverified (host blocked),0,"Meta +3, Google +3, LinkedIn +1, CTA +1 pending audit",Search-verified tool; no <50-headcount or bootstrapped evidence found in results.
151,Lightspeed Golf (Chronogolf),lightspeedhq.com,https://www.facebook.com/ads/library/?active_status=active&ad_type=all&country=US&q=Lightspeed%20Golf%20%28Chronogolf%29&search_type=keyword_unordered&media_type=all,unverified (host blocked),unverified (host blocked),unverified (host blocked),unverified (host blocked),unverified (host blocked),https://adstransparency.google.com/?region=US&domain=lightspeedhq.com,unverified (host blocked),unverified (host blocked),unverified (host blocked),unverified (host blocked),https://www.linkedin.com/ad-library/search?keyword=Lightspeed%20Golf%20%28Chronogolf%29,unverified (host blocked),unverified (host blocked),0,unverified,unverified (host blocked),0,"Meta +3, Google +3, LinkedIn +1, CTA +1 pending audit",Search-verified tool; no <50-headcount or bootstrapped evidence found in results.
151,Club Caddie (Jonas Software),clubcaddie.com,https://www.facebook.com/ads/library/?active_status=active&ad_type=all&country=US&q=Club%20Caddie%20%28Jonas%20Software%29&search_type=keyword_unordered&media_type=all,unverified (host blocked),unverified (host blocked),unverified (host blocked),unverified (host blocked),unverified (host blocked),https://adstransparency.google.com/?region=US&domain=clubcaddie.com,unverified (host blocked),unverified (host blocked),unverified (host blocked),unverified (host blocked),https://www.linkedin.com/ad-library/search?keyword=Club%20Caddie%20%28Jonas%20Software%29,unverified (host blocked),unverified (host blocked),0,unverified,unverified (host blocked),0,"Meta +3, Google +3, LinkedIn +1, CTA +1 pending audit",Search-verified tool; no <50-headcount or bootstrapped evidence found in results.
151,Teesnap,teesnap.com,https://www.facebook.com/ads/library/?active_status=active&ad_type=all&country=US&q=Teesnap&search_type=keyword_unordered&media_type=all,unverified (host blocked),unverified (host blocked),unverified (host blocked),unverified (host blocked),unverified (host blocked),https://adstransparency.google.com/?region=US&domain=teesnap.com,unverified (host blocked),unverified (host blocked),unverified (host blocked),unverified (host blocked),https://www.linkedin.com/ad-library/search?keyword=Teesnap,unverified (host blocked),unverified (host blocked),2,https://pitchbook.com/profiles/company/364564-45,unverified (host blocked),2,"Meta +3, Google +3, LinkedIn +1, CTA +1 pending audit",Search-verified tool; all platform counts await local scraper run.
151,GolfNow / EZLinks (NBC Sports),unverified,https://www.facebook.com/ads/library/?active_status=active&ad_type=all&country=US&q=GolfNow%20%2F%20EZLinks%20%28NBC%20Sports%29&search_type=keyword_unordered&media_type=all,unverified (host blocked),unverified (host blocked),unverified (host blocked),unverified (host blocked),unverified (host blocked),unverified (domain unknown),unverified (host blocked),unverified (host blocked),unverified (host blocked),unverified (host blocked),https://www.linkedin.com/ad-library/search?keyword=GolfNow%20%2F%20EZLinks%20%28NBC%20Sports%29,unverified (host blocked),unverified (host blocked),0,unverified,unverified (host blocked),0,"Meta +3, Google +3, LinkedIn +1, CTA +1 pending audit",Search-verified tool; no <50-headcount or bootstrapped evidence found in results.
151,Club Prophet,unverified,https://www.facebook.com/ads/library/?active_status=active&ad_type=all&country=US&q=Club%20Prophet&search_type=keyword_unordered&media_type=all,unverified (host blocked),unverified (host blocked),unverified (host blocked),unverified (host blocked),unverified (host blocked),unverified (domain unknown),unverified (host blocked),unverified (host blocked),unverified (host blocked),unverified (host blocked),https://www.linkedin.com/ad-library/search?keyword=Club%20Prophet,unverified (host blocked),unverified (host blocked),0,unverified,unverified (host blocked),0,"Meta +3, Google +3, LinkedIn +1, CTA +1 pending audit",Search-verified tool; no <50-headcount or bootstrapped evidence found in results.
158,Perfect Venue,perfectvenue.com,https://www.facebook.com/ads/library/?active_status=active&ad_type=all&country=US&q=Perfect%20Venue&search_type=keyword_unordered&media_type=all,unverified (host blocked),unverified (host blocked),unverified (host blocked),unverified (host blocked),unverified (host blocked),https://adstransparency.google.com/?region=US&domain=perfectvenue.com,unverified (host blocked),unverified (host blocked),unverified (host blocked),unverified (host blocked),https://www.linkedin.com/ad-library/search?keyword=Perfect%20Venue,unverified (host blocked),unverified (host blocked),2,https://tracxn.com/d/companies/perfect-venue/__0LP8K3Bfqje8ZxOzUNqiXSQ0ehcp6EJYZFQPCLKsz3I,unverified (host blocked),2,"Meta +3, Google +3, LinkedIn +1, CTA +1 pending audit",Search-verified tool; all platform counts await local scraper run.
158,Tripleseat,tripleseat.com,https://www.facebook.com/ads/library/?active_status=active&ad_type=all&country=US&q=Tripleseat&search_type=keyword_unordered&media_type=all,unverified (host blocked),unverified (host blocked),unverified (host blocked),unverified (host blocked),unverified (host blocked),https://adstransparency.google.com/?region=US&domain=tripleseat.com,unverified (host blocked),unverified (host blocked),unverified (host blocked),unverified (host blocked),https://www.linkedin.com/ad-library/search?keyword=Tripleseat,unverified (host blocked),unverified (host blocked),0,unverified,unverified (host blocked),0,"Meta +3, Google +3, LinkedIn +1, CTA +1 pending audit",Search-verified tool; no <50-headcount or bootstrapped evidence found in results.
158,Planning Pod,planningpod.com,https://www.facebook.com/ads/library/?active_status=active&ad_type=all&country=US&q=Planning%20Pod&search_type=keyword_unordered&media_type=all,unverified (host blocked),unverified (host blocked),unverified (host blocked),unverified (host blocked),unverified (host blocked),https://adstransparency.google.com/?region=US&domain=planningpod.com,unverified (host blocked),unverified (host blocked),unverified (host blocked),unverified (host blocked),https://www.linkedin.com/ad-library/search?keyword=Planning%20Pod,unverified (host blocked),unverified (host blocked),2,https://tracxn.com/d/companies/planningpod/__GLKXY-IUf9A-flv6xHNNXn5NgMKjA6xbpFUpjLJbq4U,unverified (host blocked),2,"Meta +3, Google +3, LinkedIn +1, CTA +1 pending audit",Search-verified tool; all platform counts await local scraper run.
158,Event Temple,eventtemple.com,https://www.facebook.com/ads/library/?active_status=active&ad_type=all&country=US&q=Event%20Temple&search_type=keyword_unordered&media_type=all,unverified (host blocked),unverified (host blocked),unverified (host blocked),unverified (host blocked),unverified (host blocked),https://adstransparency.google.com/?region=US&domain=eventtemple.com,unverified (host blocked),unverified (host blocked),unverified (host blocked),unverified (host blocked),https://www.linkedin.com/ad-library/search?keyword=Event%20Temple,unverified (host blocked),unverified (host blocked),2,https://getlatka.com/companies/eventtemple.com,unverified (host blocked),2,"Meta +3, Google +3, LinkedIn +1, CTA +1 pending audit",Search-verified tool; all platform counts await local scraper run.
158,Releventful,releventful.com,https://www.facebook.com/ads/library/?active_status=active&ad_type=all&country=US&q=Releventful&search_type=keyword_unordered&media_type=all,unverified (host blocked),unverified (host blocked),unverified (host blocked),unverified (host blocked),unverified (host blocked),https://adstransparency.google.com/?region=US&domain=releventful.com,unverified (host blocked),unverified (host blocked),unverified (host blocked),unverified (host blocked),https://www.linkedin.com/ad-library/search?keyword=Releventful,unverified (host blocked),unverified (host blocked),0,unverified,unverified (host blocked),0,"Meta +3, Google +3, LinkedIn +1, CTA +1 pending audit",Search-verified tool; no <50-headcount or bootstrapped evidence found in results.
